bill_id,bill_date,customer_id,customer_name,whatsapp_number,total_amount,payment_mode,points_earned
1,2026-06-25 06:19:29,144,Arjun Jain,9260508018,412.28,Cash,4
2,2026-03-16 06:13:29,70,Sai Patil,9100051553,838.61,Card,8
3,2026-06-27 00:53:29,36,Saanvi Agrawal,9922071511,606.93,UPI,6
4,2026-03-17 06:56:29,31,Kunal Verma,9519358374,1181.82,UPI,11
5,2026-05-22 02:41:29,97,Siddhi Gangan,9748595325,2516.61,UPI,25
6,2026-04-04 09:32:29,32,Krish Maheshwari,9796120878,151.9,UPI,1
7,2026-05-19 00:49:29,141,Sai Rathi,9704686111,577.14,Cash,5
8,2026-04-21 23:55:29,73,Siddhi Patil,9271026767,905.41,UPI,9
9,2026-06-07 20:51:29,139,Rahul Sharma,9423597371,994.4,UPI,9
10,2026-03-13 21:41:29,57,Saanvi Agrawal,9509025425,1528.66,Card,15
11,2026-02-23 07:12:29,70,Sai Patil,9100051553,1383.78,Cash,13
12,2026-02-26 02:03:29,54,Aarohi Chandak,9464844941,3860.58,Cash,38
13,2026-04-26 02:46:29,112,Yash Gangan,9826328094,592.55,UPI,5
14,2026-04-04 21:29:29,98,Yash Joshi,9337970581,495.04,Cash,4
15,2026-02-18 00:07:29,72,Aarohi Deshmukh,9261896288,894.73,UPI,8
16,2026-01-19 08:47:29,20,Pooja Joshi,9806603920,1088.92,UPI,10
17,2026-05-10 21:06:29,129,Siddhi Joshi,9561372308,1522.14,UPI,15
18,2026-02-12 07:19:29,64,Vivaan Maheshwari,9683625366,209.25,Cash,2
19,2026-05-17 09:12:29,118,Ananya Sharma,9476921053,1440.35,Card,14
20,2026-04-15 08:57:29,148,Neha Rathi,9793279862,1174.84,Cash,11
21,2026-04-08 01:04:29,98,Yash Joshi,9337970581,1361.94,UPI,13
22,2026-03-07 04:06:29,113,Sneha Rathi,9239453546,1503.7,UPI,15
23,2026-05-01 03:37:29,90,Neha Rathi,9775677722,2296.82,Cash,22
24,2026-04-02 01:53:29,18,Ananya Patil,9789969860,592.89,Cash,5
25,2026-03-28 09:20:29,104,Pooja Jain,9397429250,1138.05,Card,11
26,2026-06-21 09:16:29,10,Vivaan Rathi,9468677524,929.05,UPI,9
27,2026-02-20 22:20:29,37,Rohan Rathi,9725214526,1209.74,Cash,12
28,2026-01-01 21:51:29,54,Aarohi Chandak,9464844941,1008.96,Card,10
29,2026-01-30 22:23:29,127,Aarohi Joshi,9236161880,1244.86,Card,12
30,2026-06-25 01:32:29,134,Neha Kale,9706071748,3210.52,UPI,32
31,2026-02-28 08:55:29,143,Om Gangan,9847129618,293.0,Card,2
32,2026-04-04 03:28:29,130,Aditya Chandak,9436438130,2412.8,Cash,24
33,2026-04-21 23:07:29,104,Pooja Jain,9397429250,1795.39,UPI,17
34,2026-03-28 23:19:29,43,Riya Maheshwari,9867181535,824.6,Card,8
35,2026-01-14 21:11:29,39,Vivaan Verma,9051208005,1838.18,Cash,18
36,2026-01-29 01:18:29,126,Arjun Gangan,9577820582,564.21,UPI,5
37,2026-06-06 00:25:29,128,Aarav Jain,9823571558,1840.73,Cash,18
38,2026-02-24 00:10:29,84,Kunal Agrawal,9792749072,1367.07,Card,13
39,2026-06-01 01:40:29,142,Kunal Rathi,9832102192,524.8,Cash,5
40,2026-02-18 04:10:29,100,Arjun Gangan,9073305597,1139.4,Card,11
41,2026-05-27 07:52:29,81,Siddhi Patil,9251293110,3964.19,UPI,39
42,2026-03-30 09:20:29,93,Om Jain,9337976627,1524.19,Card,15
43,2026-04-23 09:27:29,51,Rahul Agrawal,9560229394,973.35,UPI,9
44,2026-06-01 07:31:29,105,Om Maheshwari,9525680656,1619.53,Cash,16
45,2026-03-09 21:14:29,102,Sneha Verma,9436604432,884.17,Card,8
46,2026-01-06 05:36:29,107,Arjun Patil,9823155516,663.01,Card,6
47,2026-03-16 08:48:29,142,Kunal Rathi,9832102192,1004.23,Card,10
48,2026-05-03 20:47:29,63,Om Gangan,9324264250,1523.6,Card,15
49,2026-06-13 21:45:29,141,Sai Rathi,9704686111,378.0,UPI,3
50,2026-03-11 22:48:29,17,Riya Rathi,9451017397,955.66,Cash,9
51,2026-01-23 02:31:29,72,Aarohi Deshmukh,9261896288,1979.4,UPI,19
52,2026-06-27 04:53:29,134,Neha Kale,9706071748,2076.27,Card,20
53,2026-06-19 09:12:29,59,Siddhi Joshi,9848228501,822.66,Cash,8
54,2026-01-03 02:36:29,107,Arjun Patil,9823155516,2142.14,Cash,21
55,2026-04-20 00:43:29,138,Isha Joshi,9561213773,172.05,UPI,1
56,2026-04-08 22:58:29,67,Om Kale,9749603358,1028.3,Cash,10
57,2026-01-24 23:40:29,48,Vivaan Verma,9004635806,1368.19,UPI,13
58,2026-01-21 23:44:29,150,Ananya Rathi,9475489547,1906.99,Cash,19
59,2026-02-05 21:47:29,14,Krish Maheshwari,9374189721,671.31,Card,6
60,2026-01-22 01:51:29,64,Vivaan Maheshwari,9683625366,1878.44,Cash,18
61,2026-06-25 05:37:29,2,Yash Verma,9894256529,643.71,Cash,6
62,2026-04-15 06:07:29,35,Yash Gangan,9090591191,1776.75,Card,17
63,2026-01-01 22:06:29,128,Aarav Jain,9823571558,1330.05,UPI,13
64,2026-01-02 06:54:29,148,Neha Rathi,9793279862,242.5,UPI,2
65,2026-02-06 23:27:29,115,Saanvi Joshi,9439457039,1548.1,Card,15
66,2026-05-07 03:58:29,63,Om Gangan,9324264250,1531.05,Cash,15
67,2026-03-15 00:52:29,37,Rohan Rathi,9725214526,1852.86,UPI,18
68,2026-06-16 04:05:29,61,Yash Sharma,9691309810,652.57,UPI,6
69,2026-01-29 00:38:29,146,Aarohi Rathi,9881228217,1859.34,Cash,18
70,2026-06-29 08:58:29,65,Pooja Rathi,9755562833,655.18,Cash,6
71,2026-05-02 08:56:29,92,Saanvi Patil,9067245307,417.34,UPI,4
72,2026-05-01 03:15:29,53,Rahul Sharma,9723111271,421.2,Card,4
73,2026-02-05 00:28:29,113,Sneha Rathi,9239453546,317.05,Cash,3
74,2026-01-25 02:40:29,54,Aarohi Chandak,9464844941,1586.8,Cash,15
75,2026-04-17 01:47:29,56,Aarohi Patil,9136957279,2260.98,UPI,22
76,2026-02-11 00:28:29,45,Om Verma,9683452734,956.2,Card,9
77,2026-04-05 07:29:29,53,Rahul Sharma,9723111271,2700.45,Cash,27
78,2026-01-02 23:04:29,97,Siddhi Gangan,9748595325,1139.1,Card,11
79,2026-06-24 05:38:29,143,Om Gangan,9847129618,1267.11,Card,12
80,2026-03-14 01:57:29,114,Pooja Sharma,9798632106,1310.97,UPI,13
81,2026-05-04 03:39:29,144,Arjun Jain,9260508018,2555.72,Cash,25
82,2026-03-28 04:49:29,67,Om Kale,9749603358,184.14,UPI,1
83,2026-02-27 08:21:29,36,Saanvi Agrawal,9922071511,1987.02,Card,19
84,2026-01-23 01:51:29,8,Aarav Agrawal,9589298808,848.4,Card,8
85,2026-02-09 02:01:29,7,Neha Jain,9768182683,1645.12,UPI,16
86,2026-02-15 08:59:29,39,Vivaan Verma,9051208005,448.29,Cash,4
87,2026-04-08 02:21:29,63,Om Gangan,9324264250,1564.36,Card,15
88,2026-01-12 05:26:29,97,Siddhi Gangan,9748595325,434.15,Card,4
89,2026-02-17 22:45:29,135,Sai Maheshwari,9653970548,2188.91,Card,21
90,2026-05-22 04:12:29,46,Rohan Rathi,9170715879,587.6,Card,5
91,2026-04-14 00:56:29,17,Riya Rathi,9451017397,2616.92,Cash,26
92,2026-04-21 23:47:29,136,Krish Rathi,9102908718,2053.54,Card,20
93,2026-03-30 05:24:29,95,Isha Kale,9254969192,973.8,Card,9
94,2026-04-06 00:16:29,28,Siddhi Maheshwari,9320430977,2120.78,UPI,21
95,2026-06-26 06:44:29,75,Neha Patil,9229462135,650.4,UPI,6
96,2026-03-08 06:01:29,135,Sai Maheshwari,9653970548,146.08,UPI,1
97,2026-01-24 22:26:29,27,Riya Agrawal,9703824073,713.14,Cash,7
98,2026-02-05 03:22:29,56,Aarohi Patil,9136957279,937.8,Cash,9
99,2026-01-26 04:13:29,100,Arjun Gangan,9073305597,793.81,UPI,7
100,2026-04-17 22:16:29,86,Aarohi Rathi,9949684364,2910.59,UPI,29
101,2026-04-12 02:20:29,55,Aditya Verma,9732807711,335.6,UPI,3
102,2026-06-14 09:17:29,135,Sai Maheshwari,9653970548,1593.83,Card,15
103,2026-02-07 21:56:29,130,Aditya Chandak,9436438130,799.74,Card,7
104,2026-04-16 07:43:29,138,Isha Joshi,9561213773,334.8,UPI,3
105,2026-04-13 03:08:29,127,Aarohi Joshi,9236161880,911.8,UPI,9
106,2026-04-21 09:35:29,33,Kunal Chandak,9215149409,1940.12,UPI,19
107,2026-02-26 01:38:29,45,Om Verma,9683452734,3023.9,Cash,30
108,2026-01-31 00:00:29,11,Om Kale,9439910622,470.25,Cash,4
109,2026-03-30 00:56:29,50,Saanvi Joshi,9900631403,508.2,Card,5
110,2026-04-27 08:25:29,95,Isha Kale,9254969192,1062.65,Card,10
111,2026-06-10 07:07:29,147,Aarohi Agrawal,9653460605,1626.0,Card,16
112,2026-01-24 04:59:29,117,Kunal Maheshwari,9894319100,2828.45,UPI,28
113,2026-02-28 01:30:29,48,Vivaan Verma,9004635806,1823.92,Card,18
114,2026-03-22 05:27:29,56,Aarohi Patil,9136957279,1950.13,Cash,19
115,2026-03-31 03:37:29,1,Sai Chandak,9649133424,285.24,UPI,2
116,2026-02-08 03:18:29,141,Sai Rathi,9704686111,1088.99,UPI,10
117,2026-05-25 04:32:29,4,Neha Agrawal,9967379487,1265.6,UPI,12
118,2026-02-13 04:29:29,8,Aarav Agrawal,9589298808,1977.05,UPI,19
119,2026-01-18 03:14:29,13,Yash Kale,9237245018,1744.3,Card,17
120,2026-01-14 08:04:29,37,Rohan Rathi,9725214526,2798.4,Card,27
121,2026-03-30 21:16:29,36,Saanvi Agrawal,9922071511,2566.05,Card,25
122,2026-03-09 21:06:29,18,Ananya Patil,9789969860,1944.97,Card,19
123,2026-02-22 02:39:29,44,Saanvi Rathi,9050791815,245.0,UPI,2
124,2026-01-04 00:35:29,119,Neha Patil,9460401424,622.2,Cash,6
125,2026-02-27 09:08:29,29,Yash Agrawal,9628969645,917.05,UPI,9
126,2026-05-30 01:44:29,44,Saanvi Rathi,9050791815,1589.95,Cash,15
127,2026-04-13 04:15:29,27,Riya Agrawal,9703824073,3183.18,Card,31
128,2026-02-14 06:15:29,108,Kunal Rathi,9808662813,523.91,Cash,5
129,2026-01-09 01:55:29,105,Om Maheshwari,9525680656,2061.9,UPI,20
130,2026-04-05 08:41:29,4,Neha Agrawal,9967379487,693.65,Cash,6
131,2026-03-28 05:09:29,4,Neha Agrawal,9967379487,895.03,UPI,8
132,2026-05-27 23:01:29,19,Sai Joshi,9113599660,2436.22,UPI,24
133,2026-06-20 05:08:29,59,Siddhi Joshi,9848228501,545.18,Card,5
134,2026-06-11 22:22:29,142,Kunal Rathi,9832102192,1131.18,Card,11
135,2026-01-08 06:09:29,48,Vivaan Verma,9004635806,2168.17,UPI,21
136,2026-05-14 05:53:29,82,Krish Patil,9297519102,1987.15,Cash,19
137,2026-06-09 02:24:29,98,Yash Joshi,9337970581,687.72,Card,6
138,2026-04-29 06:06:29,101,Riya Maheshwari,9598339914,562.12,UPI,5
139,2026-05-21 06:40:29,50,Saanvi Joshi,9900631403,2143.76,Card,21
140,2026-04-15 05:55:29,44,Saanvi Rathi,9050791815,509.6,UPI,5
141,2026-05-10 22:16:29,58,Rahul Rathi,9248132357,637.8,Card,6
142,2026-01-06 06:01:29,84,Kunal Agrawal,9792749072,1138.0,Card,11
143,2026-05-28 22:40:29,132,Isha Gangan,9653469979,634.6,UPI,6
144,2026-04-05 00:06:29,23,Om Chandak,9354116597,585.99,Card,5
145,2026-03-03 09:08:29,25,Isha Verma,9848826913,1643.2,Cash,16
146,2026-04-28 03:20:29,46,Rohan Rathi,9170715879,1247.13,Cash,12
147,2026-04-21 02:44:29,143,Om Gangan,9847129618,740.94,Card,7
148,2026-06-22 01:15:29,87,Sneha Sharma,9442101750,3671.76,UPI,36
149,2026-02-10 09:00:29,11,Om Kale,9439910622,1891.19,UPI,18
150,2026-03-25 02:11:29,2,Yash Verma,9894256529,876.51,Card,8
151,2026-02-07 04:35:29,126,Arjun Gangan,9577820582,330.5,Card,3
152,2026-06-15 02:50:29,75,Neha Patil,9229462135,343.4,UPI,3
153,2026-03-15 23:45:29,95,Isha Kale,9254969192,2094.65,Card,20
154,2026-01-17 03:28:29,24,Saanvi Jain,9755752250,986.38,UPI,9
155,2026-05-04 04:01:29,90,Neha Rathi,9775677722,2035.54,Cash,20
156,2026-03-04 07:47:29,142,Kunal Rathi,9832102192,909.94,UPI,9
157,2026-02-16 22:50:29,84,Kunal Agrawal,9792749072,725.26,Cash,7
158,2026-05-23 04:50:29,61,Yash Sharma,9691309810,1149.85,UPI,11
159,2026-06-16 04:28:29,126,Arjun Gangan,9577820582,945.76,Cash,9
160,2026-05-09 06:26:29,148,Neha Rathi,9793279862,1488.8,Card,14
161,2026-01-01 23:17:29,113,Sneha Rathi,9239453546,1615.79,Card,16
162,2026-02-06 06:16:29,84,Kunal Agrawal,9792749072,1263.84,Card,12
163,2026-05-21 23:52:29,14,Krish Maheshwari,9374189721,1109.75,Card,11
164,2026-02-18 00:21:29,92,Saanvi Patil,9067245307,732.89,Cash,7
165,2026-02-24 08:17:29,42,Isha Jain,9152982173,128.0,Card,1
166,2026-02-13 09:40:29,148,Neha Rathi,9793279862,610.99,Card,6
167,2026-01-03 06:07:29,51,Rahul Agrawal,9560229394,28.5,Cash,0
168,2026-06-05 21:50:29,24,Saanvi Jain,9755752250,921.42,UPI,9
169,2026-06-06 09:28:29,30,Neha Agrawal,9585125389,270.75,UPI,2
170,2026-02-16 20:48:29,34,Rahul Agrawal,9748453986,2287.8,UPI,22
171,2026-06-17 07:32:29,117,Kunal Maheshwari,9894319100,521.03,Cash,5
172,2026-05-29 07:01:29,3,Vivaan Agrawal,9202032650,491.2,Card,4
173,2026-06-30 02:03:29,50,Saanvi Joshi,9900631403,120.0,Card,1
174,2026-02-25 08:23:29,1,Sai Chandak,9649133424,1199.09,Cash,11
175,2026-02-04 00:35:29,79,Rahul Sharma,9465586652,842.92,Card,8
176,2026-04-22 03:36:29,22,Ananya Deshmukh,9388565271,2840.1,Card,28
177,2026-02-27 08:26:29,2,Yash Verma,9894256529,49.0,UPI,0
178,2026-04-15 04:17:29,93,Om Jain,9337976627,1127.75,Cash,11
179,2026-03-15 03:34:29,96,Neha Chandak,9259710756,1270.66,Card,12
180,2026-01-10 23:42:29,32,Krish Maheshwari,9796120878,911.08,Card,9
181,2026-05-20 21:14:29,11,Om Kale,9439910622,1293.61,Cash,12
182,2026-01-14 01:04:29,21,Isha Rathi,9074555347,613.95,UPI,6
183,2026-05-26 02:52:29,5,Sneha Gangan,9524578715,1385.95,Card,13
184,2026-02-11 09:39:29,104,Pooja Jain,9397429250,715.48,Card,7
185,2026-05-16 00:34:29,17,Riya Rathi,9451017397,990.04,Cash,9
186,2026-06-21 03:48:29,125,Rahul Gangan,9754278656,216.0,Cash,2
187,2026-03-03 05:30:29,150,Ananya Rathi,9475489547,180.5,Card,1
188,2026-05-27 21:01:29,70,Sai Patil,9100051553,418.1,Card,4
189,2026-04-13 09:19:29,128,Aarav Jain,9823571558,600.08,UPI,6
190,2026-03-15 21:12:29,125,Rahul Gangan,9754278656,2789.8,Card,27
191,2026-01-04 22:26:29,115,Saanvi Joshi,9439457039,934.8,UPI,9
192,2026-01-15 05:10:29,120,Aarav Maheshwari,9201137984,1337.81,Card,13
193,2026-01-26 05:32:29,67,Om Kale,9749603358,1842.42,Card,18
194,2026-06-20 04:42:29,75,Neha Patil,9229462135,86.24,Cash,0
195,2026-03-20 04:49:29,67,Om Kale,9749603358,2025.64,Cash,20
196,2026-06-20 22:34:29,122,Aarav Joshi,9014473404,207.88,UPI,2
197,2026-02-11 05:38:29,22,Ananya Deshmukh,9388565271,2748.8,UPI,27
198,2026-03-09 08:46:29,31,Kunal Verma,9519358374,1168.74,Card,11
199,2026-05-24 00:02:29,142,Kunal Rathi,9832102192,988.5,Card,9
200,2026-02-17 01:21:29,102,Sneha Verma,9436604432,2241.61,Cash,22
201,2026-04-09 22:51:29,27,Riya Agrawal,9703824073,827.4,UPI,8
202,2026-05-10 06:31:29,1,Sai Chandak,9649133424,843.44,Cash,8
203,2026-03-09 03:11:29,36,Saanvi Agrawal,9922071511,1434.37,UPI,14
204,2026-04-03 07:29:29,64,Vivaan Maheshwari,9683625366,155.91,UPI,1
205,2026-05-03 08:07:29,55,Aditya Verma,9732807711,792.85,Cash,7
206,2026-06-29 21:39:29,86,Aarohi Rathi,9949684364,2088.04,Cash,20
207,2026-01-18 04:29:29,103,Rohan Patil,9572768297,306.9,Card,3
208,2026-06-03 05:17:29,67,Om Kale,9749603358,252.2,Card,2
209,2026-04-14 04:34:29,1,Sai Chandak,9649133424,2052.85,Cash,20
210,2026-04-20 06:23:29,140,Arjun Chandak,9990775608,1394.98,Card,13
211,2026-01-29 22:20:29,13,Yash Kale,9237245018,1769.77,UPI,17
212,2026-06-03 05:29:29,59,Siddhi Joshi,9848228501,1424.59,Cash,14
213,2026-04-07 05:44:29,84,Kunal Agrawal,9792749072,1971.58,Card,19
214,2026-05-24 06:08:29,71,Isha Patil,9595977524,1438.7,UPI,14
215,2026-04-27 09:00:29,147,Aarohi Agrawal,9653460605,406.48,Cash,4
216,2026-03-05 09:04:29,34,Rahul Agrawal,9748453986,2089.19,Cash,20
217,2026-02-17 21:52:29,42,Isha Jain,9152982173,1086.1,Card,10
218,2026-05-18 09:14:29,65,Pooja Rathi,9755562833,847.5,Card,8
219,2026-02-20 21:52:29,33,Kunal Chandak,9215149409,1230.6,Card,12
220,2026-03-01 08:29:29,65,Pooja Rathi,9755562833,845.99,Card,8
221,2026-04-30 05:03:29,13,Yash Kale,9237245018,490.45,UPI,4
222,2026-06-22 05:25:29,32,Krish Maheshwari,9796120878,2444.13,Cash,24
223,2026-03-16 07:10:29,95,Isha Kale,9254969192,1223.3,Card,12
224,2026-06-25 06:27:29,126,Arjun Gangan,9577820582,27.9,Cash,0
225,2026-03-05 06:59:29,53,Rahul Sharma,9723111271,926.42,Card,9
226,2026-06-18 04:44:29,4,Neha Agrawal,9967379487,418.88,UPI,4
227,2026-03-08 02:26:29,11,Om Kale,9439910622,1566.16,UPI,15
228,2026-05-12 22:26:29,27,Riya Agrawal,9703824073,1138.55,Cash,11
229,2026-06-22 01:57:29,66,Yash Agrawal,9957865436,595.6,UPI,5
230,2026-03-04 07:19:29,83,Aarohi Patil,9106330165,1161.62,Cash,11
231,2026-05-30 07:49:29,124,Pooja Maheshwari,9825588255,256.5,Card,2
232,2026-03-07 02:55:29,36,Saanvi Agrawal,9922071511,1505.5,UPI,15
233,2026-05-27 08:47:29,61,Yash Sharma,9691309810,1513.25,Card,15
234,2026-02-24 22:50:29,143,Om Gangan,9847129618,785.34,UPI,7
235,2026-06-12 06:23:29,131,Sai Agrawal,9211471656,1342.7,UPI,13
236,2026-01-17 07:56:29,74,Yash Chandak,9579927079,755.0,UPI,7
237,2026-03-13 03:31:29,124,Pooja Maheshwari,9825588255,1022.76,UPI,10
238,2026-01-06 04:34:29,51,Rahul Agrawal,9560229394,144.7,Cash,1
239,2026-04-23 22:02:29,98,Yash Joshi,9337970581,3610.35,UPI,36
240,2026-01-02 09:09:29,73,Siddhi Patil,9271026767,1270.33,UPI,12
241,2026-05-22 23:05:29,76,Neha Joshi,9709962543,1923.09,Card,19
242,2026-04-04 21:04:29,19,Sai Joshi,9113599660,743.0,UPI,7
243,2026-01-06 21:49:29,33,Kunal Chandak,9215149409,2249.65,UPI,22
244,2026-04-04 02:13:29,119,Neha Patil,9460401424,671.63,Card,6
245,2026-02-08 00:46:29,142,Kunal Rathi,9832102192,2007.98,Cash,20
246,2026-03-10 22:47:29,94,Sai Patil,9579423873,924.99,Card,9
247,2026-01-02 05:50:29,33,Kunal Chandak,9215149409,1067.05,Cash,10
248,2026-03-12 21:10:29,105,Om Maheshwari,9525680656,1423.45,UPI,14
249,2026-04-26 23:46:29,68,Sneha Rathi,9270369249,1190.88,UPI,11
250,2026-01-31 06:04:29,24,Saanvi Jain,9755752250,642.28,UPI,6
251,2026-03-01 09:09:29,93,Om Jain,9337976627,869.47,Cash,8
252,2026-06-30 06:46:29,66,Yash Agrawal,9957865436,1143.65,Cash,11
253,2026-05-28 00:36:29,143,Om Gangan,9847129618,677.34,Card,6
254,2026-06-10 09:27:29,23,Om Chandak,9354116597,1902.37,UPI,19
255,2026-03-18 00:37:29,120,Aarav Maheshwari,9201137984,580.58,UPI,5
256,2026-05-16 21:06:29,108,Kunal Rathi,9808662813,1795.32,Card,17
257,2026-02-20 05:00:29,129,Siddhi Joshi,9561372308,313.44,Cash,3
258,2026-02-06 04:44:29,104,Pooja Jain,9397429250,1155.52,UPI,11
259,2026-06-02 21:15:29,3,Vivaan Agrawal,9202032650,939.0,Card,9
260,2026-03-01 21:46:29,27,Riya Agrawal,9703824073,760.16,Cash,7
261,2026-06-25 02:44:29,114,Pooja Sharma,9798632106,520.75,Cash,5
262,2026-03-23 01:25:29,60,Sneha Verma,9092550213,608.5,Cash,6
263,2026-05-26 02:36:29,81,Siddhi Patil,9251293110,279.3,Card,2
264,2026-01-22 01:48:29,13,Yash Kale,9237245018,1604.45,Cash,16
265,2026-01-14 02:26:29,141,Sai Rathi,9704686111,688.88,UPI,6
266,2026-03-16 07:20:29,101,Riya Maheshwari,9598339914,2111.2,Card,21
267,2026-01-17 22:15:29,73,Siddhi Patil,9271026767,2111.3,UPI,21
268,2026-05-06 06:17:29,105,Om Maheshwari,9525680656,2500.55,UPI,25
269,2026-05-27 01:00:29,50,Saanvi Joshi,9900631403,1117.5,UPI,11
270,2026-03-23 00:49:29,98,Yash Joshi,9337970581,546.2,Card,5
271,2026-06-10 23:23:29,16,Krish Joshi,9537660144,361.05,UPI,3
272,2026-01-05 08:31:29,18,Ananya Patil,9789969860,1532.78,UPI,15
273,2026-04-10 03:09:29,23,Om Chandak,9354116597,2410.31,Card,24
274,2026-03-21 23:06:29,109,Ananya Agrawal,9308003700,824.76,Cash,8
275,2026-04-29 21:25:29,119,Neha Patil,9460401424,2317.78,Card,23
276,2026-01-19 02:39:29,44,Saanvi Rathi,9050791815,285.51,Cash,2
277,2026-06-26 02:17:29,2,Yash Verma,9894256529,1383.57,Cash,13
278,2026-02-13 08:25:29,121,Kunal Patil,9231660076,525.79,UPI,5
279,2026-05-30 04:38:29,131,Sai Agrawal,9211471656,525.25,UPI,5
280,2026-01-14 23:16:29,1,Sai Chandak,9649133424,780.3,UPI,7
281,2026-05-16 07:48:29,34,Rahul Agrawal,9748453986,306.82,UPI,3
282,2026-03-13 08:25:29,13,Yash Kale,9237245018,1715.8,Cash,17
283,2026-01-14 02:57:29,86,Aarohi Rathi,9949684364,1328.95,Card,13
284,2026-04-18 07:37:29,23,Om Chandak,9354116597,79.98,Card,0
285,2026-02-11 06:28:29,11,Om Kale,9439910622,118.8,Card,1
286,2026-03-12 22:20:29,139,Rahul Sharma,9423597371,687.06,Cash,6
287,2026-04-29 09:37:29,101,Riya Maheshwari,9598339914,471.22,UPI,4
288,2026-05-30 01:30:29,78,Aditya Gangan,9802909046,615.85,Card,6
289,2026-06-05 08:53:29,79,Rahul Sharma,9465586652,1267.2,Cash,12
290,2026-01-24 00:50:29,31,Kunal Verma,9519358374,1323.85,Card,13
291,2026-06-10 02:50:29,26,Rahul Jain,9258562614,2673.32,UPI,26
292,2026-06-20 21:04:29,94,Sai Patil,9579423873,951.24,Card,9
293,2026-05-09 02:42:29,136,Krish Rathi,9102908718,3023.53,UPI,30
294,2026-03-04 03:04:29,93,Om Jain,9337976627,1783.03,Card,17
295,2026-06-09 01:13:29,86,Aarohi Rathi,9949684364,1127.18,UPI,11
296,2026-04-28 00:49:29,4,Neha Agrawal,9967379487,1994.75,Cash,19
297,2026-03-20 09:01:29,30,Neha Agrawal,9585125389,121.6,UPI,1
298,2026-02-27 22:39:29,118,Ananya Sharma,9476921053,18.0,Card,0
299,2026-05-08 05:33:29,32,Krish Maheshwari,9796120878,1770.36,Cash,17
300,2026-04-22 05:32:29,46,Rohan Rathi,9170715879,4284.64,UPI,42
301,2026-04-25 04:09:29,57,Saanvi Agrawal,9509025425,2493.04,Cash,24
302,2026-01-17 21:40:29,138,Isha Joshi,9561213773,1419.8,Cash,14
303,2026-02-02 22:00:29,46,Rohan Rathi,9170715879,568.04,UPI,5
304,2026-05-17 09:21:29,102,Sneha Verma,9436604432,526.4,Card,5
305,2026-02-16 07:42:29,101,Riya Maheshwari,9598339914,1638.68,UPI,16
306,2026-02-13 23:21:29,38,Aarohi Jain,9633515718,696.11,Cash,6
307,2026-04-01 23:49:29,57,Saanvi Agrawal,9509025425,1112.08,Card,11
308,2026-04-11 06:12:29,48,Vivaan Verma,9004635806,293.91,UPI,2
309,2026-04-08 20:47:29,52,Isha Agrawal,9460666437,911.43,Card,9
310,2026-05-08 07:31:29,23,Om Chandak,9354116597,1156.5,Cash,11
311,2026-02-03 22:54:29,68,Sneha Rathi,9270369249,321.35,Card,3
312,2026-01-06 06:47:29,131,Sai Agrawal,9211471656,789.95,UPI,7
313,2026-02-16 08:03:29,48,Vivaan Verma,9004635806,1575.0,UPI,15
314,2026-06-15 22:15:29,18,Ananya Patil,9789969860,365.79,Cash,3
315,2026-06-18 05:01:29,32,Krish Maheshwari,9796120878,1091.76,Cash,10
316,2026-04-09 22:01:29,94,Sai Patil,9579423873,1304.78,Cash,13
317,2026-04-21 07:58:29,23,Om Chandak,9354116597,1496.1,Cash,14
318,2026-02-17 21:11:29,92,Saanvi Patil,9067245307,404.77,Card,4
319,2026-01-20 06:36:29,4,Neha Agrawal,9967379487,310.4,UPI,3
320,2026-03-20 21:53:29,39,Vivaan Verma,9051208005,1538.98,UPI,15
321,2026-04-24 07:05:29,34,Rahul Agrawal,9748453986,548.8,Card,5
322,2026-05-17 05:20:29,148,Neha Rathi,9793279862,552.36,UPI,5
323,2026-03-27 00:53:29,98,Yash Joshi,9337970581,533.26,Cash,5
324,2026-03-12 01:17:29,97,Siddhi Gangan,9748595325,1353.43,Card,13
325,2026-05-09 03:00:29,112,Yash Gangan,9826328094,2419.2,Card,24
326,2026-05-01 23:43:29,57,Saanvi Agrawal,9509025425,2272.75,Card,22
327,2026-01-03 23:04:29,120,Aarav Maheshwari,9201137984,476.71,Card,4
328,2026-03-28 06:06:29,146,Aarohi Rathi,9881228217,2263.83,Cash,22
329,2026-01-20 09:38:29,66,Yash Agrawal,9957865436,2231.21,Card,22
330,2026-02-13 22:55:29,144,Arjun Jain,9260508018,1642.96,UPI,16
331,2026-01-27 21:38:29,41,Krish Gangan,9927282709,420.75,Card,4
332,2026-02-20 01:21:29,90,Neha Rathi,9775677722,558.41,UPI,5
333,2026-03-14 06:08:29,78,Aditya Gangan,9802909046,1970.38,Card,19
334,2026-01-28 23:30:29,92,Saanvi Patil,9067245307,2060.63,Card,20
335,2026-01-19 01:26:29,56,Aarohi Patil,9136957279,2118.37,UPI,21
336,2026-01-09 23:53:29,35,Yash Gangan,9090591191,723.91,Card,7
337,2026-05-19 20:43:29,102,Sneha Verma,9436604432,1168.63,UPI,11
338,2026-03-09 23:43:29,120,Aarav Maheshwari,9201137984,2058.33,UPI,20
339,2026-02-21 23:14:29,51,Rahul Agrawal,9560229394,2312.67,UPI,23
340,2026-02-26 23:57:29,6,Neha Rathi,9082137118,1401.78,UPI,14
341,2026-02-15 01:22:29,15,Vivaan Rathi,9417692743,1241.27,Card,12
342,2026-01-25 04:26:29,5,Sneha Gangan,9524578715,1004.67,UPI,10
343,2026-06-15 07:25:29,122,Aarav Joshi,9014473404,2428.06,UPI,24
344,2026-05-10 21:52:29,87,Sneha Sharma,9442101750,1819.09,UPI,18
345,2026-01-26 22:46:29,48,Vivaan Verma,9004635806,1533.67,Cash,15
346,2026-06-27 21:32:29,75,Neha Patil,9229462135,1361.19,Cash,13
347,2026-03-06 00:16:29,66,Yash Agrawal,9957865436,825.97,Card,8
348,2026-02-20 00:28:29,98,Yash Joshi,9337970581,602.34,Card,6
349,2026-05-12 06:18:29,128,Aarav Jain,9823571558,324.0,UPI,3
350,2026-04-07 06:24:29,3,Vivaan Agrawal,9202032650,2898.47,Card,28
351,2026-04-17 23:58:29,82,Krish Patil,9297519102,575.26,UPI,5
352,2026-01-09 07:04:29,35,Yash Gangan,9090591191,856.15,UPI,8
353,2026-06-02 02:01:29,39,Vivaan Verma,9051208005,1133.46,Cash,11
354,2026-01-12 03:05:29,47,Isha Kale,9080314998,1617.33,UPI,16
355,2026-01-18 06:46:29,41,Krish Gangan,9927282709,2024.88,Card,20
356,2026-04-14 01:38:29,128,Aarav Jain,9823571558,2821.36,Cash,28
357,2026-05-27 05:39:29,46,Rohan Rathi,9170715879,1665.74,Card,16
358,2026-03-15 03:28:29,103,Rohan Patil,9572768297,795.25,UPI,7
359,2026-02-16 21:00:29,50,Saanvi Joshi,9900631403,32.3,Cash,0
360,2026-02-26 08:48:29,137,Yash Rathi,9804918727,1355.5,Card,13
361,2026-01-06 20:55:29,141,Sai Rathi,9704686111,947.7,UPI,9
362,2026-05-20 01:53:29,42,Isha Jain,9152982173,1248.41,Card,12
363,2026-04-02 05:25:29,1,Sai Chandak,9649133424,1155.35,Cash,11
364,2026-02-28 23:35:29,63,Om Gangan,9324264250,1340.07,Card,13
365,2026-02-16 03:10:29,104,Pooja Jain,9397429250,616.21,UPI,6
366,2026-01-27 07:15:29,40,Yash Joshi,9512397283,426.12,Card,4
367,2026-05-17 04:01:29,17,Riya Rathi,9451017397,855.36,Cash,8
368,2026-04-09 22:22:29,127,Aarohi Joshi,9236161880,1491.2,UPI,14
369,2026-06-02 03:18:29,91,Rohan Sharma,9256265062,277.2,UPI,2
370,2026-02-09 08:06:29,5,Sneha Gangan,9524578715,2140.68,Cash,21
371,2026-06-11 06:41:29,112,Yash Gangan,9826328094,532.2,Cash,5
372,2026-06-09 03:08:29,37,Rohan Rathi,9725214526,2637.5,Cash,26
373,2026-03-12 22:13:29,104,Pooja Jain,9397429250,2374.23,Cash,23
374,2026-05-17 20:57:29,150,Ananya Rathi,9475489547,2090.61,Cash,20
375,2026-04-28 21:06:29,36,Saanvi Agrawal,9922071511,739.89,Cash,7
376,2026-03-21 07:33:29,124,Pooja Maheshwari,9825588255,2110.08,Card,21
377,2026-01-28 06:37:29,104,Pooja Jain,9397429250,1929.14,UPI,19
378,2026-05-20 07:35:29,113,Sneha Rathi,9239453546,1119.05,UPI,11
379,2026-05-17 03:51:29,31,Kunal Verma,9519358374,1999.28,Cash,19
380,2026-03-13 07:02:29,124,Pooja Maheshwari,9825588255,1042.91,UPI,10
381,2026-03-31 06:19:29,83,Aarohi Patil,9106330165,1132.41,Card,11
382,2026-04-24 08:42:29,76,Neha Joshi,9709962543,2362.88,UPI,23
383,2026-03-16 02:27:29,36,Saanvi Agrawal,9922071511,688.01,UPI,6
384,2026-03-03 09:21:29,121,Kunal Patil,9231660076,1317.8,UPI,13
385,2026-06-22 00:51:29,150,Ananya Rathi,9475489547,758.7,Cash,7
386,2026-04-06 05:46:29,126,Arjun Gangan,9577820582,674.52,UPI,6
387,2026-04-24 05:27:29,77,Aarav Maheshwari,9520344765,766.75,Card,7
388,2026-04-28 23:57:29,147,Aarohi Agrawal,9653460605,442.21,UPI,4
389,2026-01-23 08:45:29,108,Kunal Rathi,9808662813,748.8,UPI,7
390,2026-01-11 05:11:29,110,Arjun Deshmukh,9855660847,1091.62,Cash,10
391,2026-06-20 00:40:29,84,Kunal Agrawal,9792749072,491.51,Cash,4
392,2026-04-09 03:46:29,72,Aarohi Deshmukh,9261896288,591.35,UPI,5
393,2026-04-12 23:18:29,54,Aarohi Chandak,9464844941,1148.2,Card,11
394,2026-03-30 03:55:29,142,Kunal Rathi,9832102192,323.0,Cash,3
395,2026-06-17 01:05:29,44,Saanvi Rathi,9050791815,2131.46,Card,21
396,2026-06-01 20:52:29,29,Yash Agrawal,9628969645,634.67,Cash,6
397,2026-04-29 21:40:29,21,Isha Rathi,9074555347,1932.05,UPI,19
398,2026-04-12 04:47:29,134,Neha Kale,9706071748,1812.74,Card,18
399,2026-01-07 08:31:29,3,Vivaan Agrawal,9202032650,2951.45,Card,29
400,2026-05-11 05:29:29,81,Siddhi Patil,9251293110,470.71,UPI,4
401,2026-05-17 23:35:29,64,Vivaan Maheshwari,9683625366,1456.17,Card,14
402,2026-01-12 01:01:29,32,Krish Maheshwari,9796120878,1491.8,Cash,14
403,2026-04-23 21:54:29,36,Saanvi Agrawal,9922071511,1513.53,Card,15
404,2026-04-21 22:04:29,83,Aarohi Patil,9106330165,1140.88,Card,11
405,2026-04-03 02:31:29,48,Vivaan Verma,9004635806,154.88,Cash,1
406,2026-06-18 23:34:29,11,Om Kale,9439910622,2078.81,UPI,20
407,2026-03-08 00:45:29,97,Siddhi Gangan,9748595325,3070.6,UPI,30
408,2026-05-19 07:39:29,86,Aarohi Rathi,9949684364,1113.95,UPI,11
409,2026-02-07 04:07:29,68,Sneha Rathi,9270369249,640.17,UPI,6
410,2026-05-08 02:57:29,108,Kunal Rathi,9808662813,603.31,Card,6
411,2026-03-12 02:29:29,117,Kunal Maheshwari,9894319100,118.34,Cash,1
412,2026-04-27 23:35:29,138,Isha Joshi,9561213773,1713.22,UPI,17
413,2026-03-21 00:18:29,52,Isha Agrawal,9460666437,1249.96,Card,12
414,2026-06-04 21:20:29,3,Vivaan Agrawal,9202032650,666.96,Card,6
415,2026-04-12 23:03:29,33,Kunal Chandak,9215149409,1032.4,UPI,10
416,2026-03-11 08:58:29,2,Yash Verma,9894256529,906.51,Card,9
417,2026-01-17 06:11:29,20,Pooja Joshi,9806603920,539.44,Cash,5
418,2026-06-01 08:28:29,8,Aarav Agrawal,9589298808,933.48,UPI,9
419,2026-06-28 07:24:29,68,Sneha Rathi,9270369249,808.08,UPI,8
420,2026-01-04 23:15:29,122,Aarav Joshi,9014473404,1249.2,Card,12
421,2026-01-19 06:04:29,35,Yash Gangan,9090591191,305.37,UPI,3
422,2026-04-30 00:20:29,7,Neha Jain,9768182683,699.79,UPI,6
423,2026-05-07 22:52:29,100,Arjun Gangan,9073305597,2673.0,Cash,26
424,2026-02-08 00:29:29,14,Krish Maheshwari,9374189721,1004.17,Cash,10
425,2026-02-07 08:39:29,22,Ananya Deshmukh,9388565271,136.8,Card,1
426,2026-05-02 23:05:29,115,Saanvi Joshi,9439457039,1493.21,Card,14
427,2026-03-12 02:33:29,35,Yash Gangan,9090591191,1176.66,Card,11
428,2026-02-14 09:08:29,24,Saanvi Jain,9755752250,1325.26,UPI,13
429,2026-05-10 04:58:29,3,Vivaan Agrawal,9202032650,1505.75,Cash,15
430,2026-01-14 03:17:29,12,Rahul Deshmukh,9669335134,2272.82,Cash,22
431,2026-03-14 04:58:29,59,Siddhi Joshi,9848228501,1305.48,UPI,13
432,2026-01-17 22:53:29,44,Saanvi Rathi,9050791815,1484.18,UPI,14
433,2026-01-16 20:42:29,1,Sai Chandak,9649133424,1843.04,UPI,18
434,2026-05-29 22:05:29,6,Neha Rathi,9082137118,1134.9,Card,11
435,2026-04-10 21:15:29,12,Rahul Deshmukh,9669335134,661.05,Card,6
436,2026-05-04 01:05:29,109,Ananya Agrawal,9308003700,630.6,UPI,6
437,2026-01-23 01:46:29,134,Neha Kale,9706071748,1204.39,UPI,12
438,2026-06-20 20:45:29,67,Om Kale,9749603358,1531.9,UPI,15
439,2026-01-25 21:16:29,14,Krish Maheshwari,9374189721,1460.01,Card,14
440,2026-05-09 01:25:29,18,Ananya Patil,9789969860,895.57,UPI,8
441,2026-06-08 22:30:29,41,Krish Gangan,9927282709,731.18,Cash,7
442,2026-05-25 20:59:29,89,Pooja Gangan,9757475833,496.3,UPI,4
443,2026-01-22 23:16:29,14,Krish Maheshwari,9374189721,1619.61,Card,16
444,2026-01-19 01:46:29,110,Arjun Deshmukh,9855660847,2898.45,UPI,28
445,2026-06-17 23:38:29,79,Rahul Sharma,9465586652,1139.8,Card,11
446,2026-03-22 04:35:29,53,Rahul Sharma,9723111271,4420.55,UPI,44
447,2026-04-29 06:52:29,33,Kunal Chandak,9215149409,1422.21,Cash,14
448,2026-05-21 04:13:29,105,Om Maheshwari,9525680656,1390.34,Card,13
449,2026-06-14 00:04:29,16,Krish Joshi,9537660144,1526.83,Card,15
450,2026-01-29 22:46:29,40,Yash Joshi,9512397283,1622.64,Cash,16
451,2026-02-01 22:23:29,23,Om Chandak,9354116597,742.6,Cash,7
452,2026-03-21 00:02:29,60,Sneha Verma,9092550213,214.96,Card,2
453,2026-06-01 09:07:29,71,Isha Patil,9595977524,1344.04,Card,13
454,2026-01-23 09:27:29,72,Aarohi Deshmukh,9261896288,1465.29,UPI,14
455,2026-02-06 22:26:29,128,Aarav Jain,9823571558,850.35,Card,8
456,2026-01-21 22:32:29,13,Yash Kale,9237245018,662.64,Cash,6
457,2026-04-17 21:30:29,143,Om Gangan,9847129618,2122.99,UPI,21
458,2026-03-08 22:18:29,130,Aditya Chandak,9436438130,220.44,Card,2
459,2026-01-07 04:40:29,31,Kunal Verma,9519358374,454.08,Cash,4
460,2026-04-17 22:08:29,29,Yash Agrawal,9628969645,2739.51,Cash,27
461,2026-05-19 00:12:29,31,Kunal Verma,9519358374,2612.73,UPI,26
462,2026-02-14 06:57:29,4,Neha Agrawal,9967379487,1229.92,UPI,12
463,2026-04-12 05:43:29,32,Krish Maheshwari,9796120878,477.0,UPI,4
464,2026-04-25 07:24:29,100,Arjun Gangan,9073305597,4349.95,UPI,43
465,2026-01-16 07:48:29,83,Aarohi Patil,9106330165,323.46,UPI,3
466,2026-01-13 07:14:29,94,Sai Patil,9579423873,663.6,UPI,6
467,2026-02-27 05:49:29,138,Isha Joshi,9561213773,2046.05,UPI,20
468,2026-02-28 20:50:29,81,Siddhi Patil,9251293110,1408.12,UPI,14
469,2026-03-13 04:07:29,31,Kunal Verma,9519358374,333.72,UPI,3
470,2026-05-21 08:45:29,36,Saanvi Agrawal,9922071511,535.3,Cash,5
471,2026-03-08 23:05:29,93,Om Jain,9337976627,486.0,Card,4
472,2026-02-12 00:27:29,119,Neha Patil,9460401424,673.42,UPI,6
473,2026-04-29 22:04:29,129,Siddhi Joshi,9561372308,2940.36,UPI,29
474,2026-05-10 02:26:29,78,Aditya Gangan,9802909046,1972.39,Cash,19
475,2026-03-06 22:41:29,110,Arjun Deshmukh,9855660847,2069.21,Cash,20
476,2026-02-26 05:08:29,33,Kunal Chandak,9215149409,1310.33,Card,13
477,2026-06-02 06:55:29,101,Riya Maheshwari,9598339914,1146.0,UPI,11
478,2026-02-22 06:07:29,122,Aarav Joshi,9014473404,511.4,UPI,5
479,2026-04-17 03:44:29,83,Aarohi Patil,9106330165,1040.6,UPI,10
480,2026-05-16 00:50:29,62,Rahul Jain,9967379457,357.33,UPI,3
481,2026-06-14 23:11:29,45,Om Verma,9683452734,1145.62,Cash,11
482,2026-04-15 06:16:29,142,Kunal Rathi,9832102192,946.0,Cash,9
483,2026-06-24 02:58:29,48,Vivaan Verma,9004635806,1436.79,UPI,14
484,2026-04-14 00:09:29,21,Isha Rathi,9074555347,266.0,UPI,2
485,2026-03-17 05:53:29,9,Sneha Deshmukh,9521293289,1797.7,UPI,17
486,2026-01-03 04:55:29,143,Om Gangan,9847129618,90.0,Cash,0
487,2026-01-16 23:37:29,67,Om Kale,9749603358,2066.75,UPI,20
488,2026-05-26 02:44:29,77,Aarav Maheshwari,9520344765,2026.94,Card,20
489,2026-01-07 04:27:29,96,Neha Chandak,9259710756,907.78,UPI,9
490,2026-02-12 23:30:29,12,Rahul Deshmukh,9669335134,519.25,UPI,5
491,2026-02-19 23:54:29,90,Neha Rathi,9775677722,1041.81,UPI,10
492,2026-06-09 07:55:29,30,Neha Agrawal,9585125389,508.2,Card,5
493,2026-05-23 09:16:29,130,Aditya Chandak,9436438130,1198.15,Card,11
494,2026-03-31 06:28:29,7,Neha Jain,9768182683,547.4,Cash,5
495,2026-02-12 05:44:29,24,Saanvi Jain,9755752250,984.2,UPI,9
496,2026-01-05 02:52:29,17,Riya Rathi,9451017397,1317.76,UPI,13
497,2026-03-13 04:01:29,109,Ananya Agrawal,9308003700,1180.9,UPI,11
498,2026-03-11 02:36:29,137,Yash Rathi,9804918727,1628.7,Cash,16
499,2026-02-05 22:18:29,54,Aarohi Chandak,9464844941,3115.55,UPI,31
500,2026-05-21 00:26:29,129,Siddhi Joshi,9561372308,408.85,UPI,4
501,2026-05-20 04:12:29,78,Aditya Gangan,9802909046,821.14,Card,8
502,2026-02-13 02:10:29,15,Vivaan Rathi,9417692743,1239.67,Cash,12
503,2026-05-17 00:34:29,135,Sai Maheshwari,9653970548,203.05,Cash,2
504,2026-04-15 08:52:29,35,Yash Gangan,9090591191,650.48,Cash,6
505,2026-01-22 09:18:29,96,Neha Chandak,9259710756,1770.61,Cash,17
506,2026-02-15 05:07:29,115,Saanvi Joshi,9439457039,1626.45,Cash,16
507,2026-05-27 23:19:29,146,Aarohi Rathi,9881228217,1428.94,UPI,14
508,2026-05-04 01:22:29,18,Ananya Patil,9789969860,1867.35,Card,18
509,2026-04-18 21:40:29,12,Rahul Deshmukh,9669335134,1089.1,Card,10
510,2026-04-01 20:41:29,135,Sai Maheshwari,9653970548,1461.09,UPI,14
511,2026-01-30 21:22:29,106,Vivaan Kale,9459908027,640.17,Cash,6
512,2026-02-21 03:52:29,30,Neha Agrawal,9585125389,2067.3,Cash,20
513,2026-05-03 02:35:29,18,Ananya Patil,9789969860,516.43,Card,5
514,2026-01-11 22:59:29,47,Isha Kale,9080314998,605.61,UPI,6
515,2026-04-11 05:57:29,129,Siddhi Joshi,9561372308,1863.56,UPI,18
516,2026-01-02 06:02:29,4,Neha Agrawal,9967379487,1186.34,UPI,11
517,2026-05-17 21:57:29,123,Aarav Kale,9096873045,33.95,Card,0
518,2026-01-26 00:55:29,106,Vivaan Kale,9459908027,1324.24,Cash,13
519,2026-06-24 03:29:29,34,Rahul Agrawal,9748453986,683.18,UPI,6
520,2026-04-27 04:40:29,39,Vivaan Verma,9051208005,1054.59,UPI,10
521,2026-03-03 02:07:29,75,Neha Patil,9229462135,451.4,Card,4
522,2026-02-24 21:06:29,63,Om Gangan,9324264250,1691.97,Card,16
523,2026-01-22 05:42:29,72,Aarohi Deshmukh,9261896288,336.4,UPI,3
524,2026-05-02 08:54:29,100,Arjun Gangan,9073305597,4479.86,Card,44
525,2026-05-27 22:49:29,78,Aditya Gangan,9802909046,1624.12,Cash,16
526,2026-01-09 03:06:29,114,Pooja Sharma,9798632106,2079.05,Card,20
527,2026-02-11 03:48:29,138,Isha Joshi,9561213773,1045.07,Card,10
528,2026-02-14 03:18:29,68,Sneha Rathi,9270369249,1980.44,Card,19
529,2026-01-30 01:03:29,5,Sneha Gangan,9524578715,551.59,Cash,5
530,2026-02-12 00:55:29,136,Krish Rathi,9102908718,645.7,Cash,6
531,2026-01-03 03:21:29,129,Siddhi Joshi,9561372308,2645.6,Card,26
532,2026-06-18 04:46:29,37,Rohan Rathi,9725214526,1268.08,Card,12
533,2026-04-27 23:06:29,17,Riya Rathi,9451017397,693.55,Card,6
534,2026-03-29 05:52:29,149,Isha Maheshwari,9169061812,769.26,Cash,7
535,2026-01-05 04:43:29,34,Rahul Agrawal,9748453986,1873.7,Card,18
536,2026-06-12 06:52:29,98,Yash Joshi,9337970581,591.52,Card,5
537,2026-03-18 23:23:29,37,Rohan Rathi,9725214526,296.45,UPI,2
538,2026-04-29 01:56:29,58,Rahul Rathi,9248132357,359.65,Cash,3
539,2026-04-08 01:49:29,63,Om Gangan,9324264250,901.1,UPI,9
540,2026-04-24 09:04:29,137,Yash Rathi,9804918727,646.64,Card,6
541,2026-02-07 22:03:29,140,Arjun Chandak,9990775608,2901.08,UPI,29
542,2026-01-11 03:06:29,110,Arjun Deshmukh,9855660847,732.86,Card,7
543,2026-02-05 07:44:29,45,Om Verma,9683452734,119.7,Cash,1
544,2026-06-08 22:41:29,145,Sneha Sharma,9425373377,527.76,UPI,5
545,2026-03-06 00:01:29,141,Sai Rathi,9704686111,444.84,Cash,4
546,2026-03-19 21:56:29,4,Neha Agrawal,9967379487,1152.0,UPI,11
547,2026-03-18 21:22:29,75,Neha Patil,9229462135,1524.12,Card,15
548,2026-01-10 01:27:29,59,Siddhi Joshi,9848228501,28.13,UPI,0
549,2026-05-14 09:17:29,53,Rahul Sharma,9723111271,2185.94,Card,21
550,2026-01-16 04:52:29,39,Vivaan Verma,9051208005,1386.93,Card,13
551,2026-06-17 02:06:29,9,Sneha Deshmukh,9521293289,1513.95,Cash,15
552,2026-02-10 09:29:29,123,Aarav Kale,9096873045,782.07,Cash,7
553,2026-02-12 01:55:29,31,Kunal Verma,9519358374,1204.0,UPI,12
554,2026-01-15 04:12:29,4,Neha Agrawal,9967379487,950.64,UPI,9
555,2026-06-28 02:34:29,38,Aarohi Jain,9633515718,1717.22,Cash,17
556,2026-03-16 05:19:29,115,Saanvi Joshi,9439457039,3225.67,Cash,32
557,2026-01-21 09:29:29,83,Aarohi Patil,9106330165,627.76,Cash,6
558,2026-03-11 02:05:29,21,Isha Rathi,9074555347,2880.95,Card,28
559,2026-06-22 01:56:29,101,Riya Maheshwari,9598339914,1731.93,Card,17
560,2026-01-06 08:56:29,71,Isha Patil,9595977524,779.01,Card,7
561,2026-06-11 08:28:29,72,Aarohi Deshmukh,9261896288,645.45,UPI,6
562,2026-03-30 08:07:29,61,Yash Sharma,9691309810,1962.8,Card,19
563,2026-05-04 21:19:29,143,Om Gangan,9847129618,1368.82,Card,13
564,2026-05-23 02:16:29,71,Isha Patil,9595977524,841.75,Card,8
565,2026-02-07 21:01:29,41,Krish Gangan,9927282709,1122.2,UPI,11
566,2026-01-22 04:29:29,51,Rahul Agrawal,9560229394,2174.98,Cash,21
567,2026-03-06 02:25:29,47,Isha Kale,9080314998,1073.87,Cash,10
568,2026-02-04 02:12:29,5,Sneha Gangan,9524578715,708.26,UPI,7
569,2026-04-13 02:56:29,11,Om Kale,9439910622,1744.1,UPI,17
570,2026-03-03 06:42:29,16,Krish Joshi,9537660144,532.25,UPI,5
571,2026-06-16 23:06:29,148,Neha Rathi,9793279862,1900.5,Cash,19
572,2026-05-24 05:59:29,74,Yash Chandak,9579927079,664.85,Card,6
573,2026-06-03 03:03:29,141,Sai Rathi,9704686111,784.64,Cash,7
574,2026-04-08 20:56:29,105,Om Maheshwari,9525680656,1201.85,Cash,12
575,2026-04-19 02:42:29,40,Yash Joshi,9512397283,2178.17,Cash,21
576,2026-01-26 02:08:29,128,Aarav Jain,9823571558,332.76,UPI,3
577,2026-03-10 08:28:29,97,Siddhi Gangan,9748595325,1534.44,Cash,15
578,2026-05-30 00:08:29,104,Pooja Jain,9397429250,1294.07,Cash,12
579,2026-01-24 04:57:29,122,Aarav Joshi,9014473404,756.1,Card,7
580,2026-02-25 09:24:29,123,Aarav Kale,9096873045,2701.6,Cash,27
581,2026-04-08 06:36:29,118,Ananya Sharma,9476921053,758.81,UPI,7
582,2026-01-26 01:25:29,148,Neha Rathi,9793279862,100.0,UPI,1
583,2026-05-14 00:59:29,45,Om Verma,9683452734,2385.73,Cash,23
584,2026-04-25 02:08:29,15,Vivaan Rathi,9417692743,1901.54,UPI,19
585,2026-02-18 09:29:29,40,Yash Joshi,9512397283,1970.63,Cash,19
586,2026-04-24 20:54:29,8,Aarav Agrawal,9589298808,1554.81,Cash,15
587,2026-01-14 23:38:29,77,Aarav Maheshwari,9520344765,1752.19,Card,17
588,2026-06-13 09:32:29,92,Saanvi Patil,9067245307,287.56,Card,2
589,2026-06-16 05:54:29,125,Rahul Gangan,9754278656,1856.9,Card,18
590,2026-02-07 03:30:29,54,Aarohi Chandak,9464844941,439.43,Cash,4
591,2026-02-03 21:51:29,26,Rahul Jain,9258562614,852.34,Cash,8
592,2026-03-06 20:41:29,59,Siddhi Joshi,9848228501,305.8,UPI,3
593,2026-02-20 06:14:29,36,Saanvi Agrawal,9922071511,444.15,Cash,4
594,2026-04-30 08:13:29,102,Sneha Verma,9436604432,151.9,Card,1
595,2026-02-06 22:54:29,135,Sai Maheshwari,9653970548,754.95,Card,7
596,2026-05-29 07:04:29,66,Yash Agrawal,9957865436,1070.59,UPI,10
597,2026-02-10 00:06:29,114,Pooja Sharma,9798632106,506.88,Card,5
598,2026-04-17 22:05:29,37,Rohan Rathi,9725214526,923.74,Cash,9
599,2026-03-26 09:29:29,83,Aarohi Patil,9106330165,490.66,Card,4
600,2026-03-17 06:44:29,34,Rahul Agrawal,9748453986,2372.57,Cash,23
601,2026-02-07 09:35:29,2,Yash Verma,9894256529,510.3,UPI,5
602,2026-03-02 02:33:29,132,Isha Gangan,9653469979,1608.7,Card,16
603,2026-01-16 22:43:29,106,Vivaan Kale,9459908027,287.38,Card,2
604,2026-01-18 23:58:29,72,Aarohi Deshmukh,9261896288,273.6,Card,2
605,2026-06-06 04:19:29,17,Riya Rathi,9451017397,2783.35,Cash,27
606,2026-04-02 09:30:29,53,Rahul Sharma,9723111271,775.49,Card,7
607,2026-01-01 23:26:29,111,Om Patil,9039033970,1373.84,Card,13
608,2026-05-01 00:35:29,5,Sneha Gangan,9524578715,1706.16,Cash,17
609,2026-02-10 23:41:29,134,Neha Kale,9706071748,968.45,Card,9
610,2026-05-22 03:26:29,93,Om Jain,9337976627,2298.56,Card,22
611,2026-04-06 22:32:29,23,Om Chandak,9354116597,846.61,Card,8
612,2026-06-01 21:40:29,141,Sai Rathi,9704686111,1630.05,UPI,16
613,2026-05-02 07:33:29,59,Siddhi Joshi,9848228501,2438.2,Cash,24
614,2026-03-23 00:18:29,81,Siddhi Patil,9251293110,800.47,Cash,8
615,2026-05-12 06:29:29,95,Isha Kale,9254969192,413.69,Card,4
616,2026-02-09 21:24:29,6,Neha Rathi,9082137118,1092.56,Card,10
617,2026-02-10 06:22:29,26,Rahul Jain,9258562614,1499.63,Cash,14
618,2026-04-14 03:26:29,2,Yash Verma,9894256529,417.28,Card,4
619,2026-02-28 01:38:29,60,Sneha Verma,9092550213,602.98,Cash,6
620,2026-04-29 05:20:29,84,Kunal Agrawal,9792749072,1042.9,UPI,10
621,2026-03-25 02:02:29,26,Rahul Jain,9258562614,1010.5,Cash,10
622,2026-01-13 01:04:29,68,Sneha Rathi,9270369249,1585.65,UPI,15
623,2026-06-16 09:01:29,59,Siddhi Joshi,9848228501,1060.0,Card,10
624,2026-05-18 05:45:29,101,Riya Maheshwari,9598339914,1210.1,Cash,12
625,2026-04-03 03:13:29,69,Yash Agrawal,9265732759,1127.98,Cash,11
626,2026-01-06 22:08:29,77,Aarav Maheshwari,9520344765,2329.87,UPI,23
627,2026-03-01 22:13:29,113,Sneha Rathi,9239453546,1360.84,Card,13
628,2026-01-19 05:03:29,96,Neha Chandak,9259710756,1584.33,Card,15
629,2026-04-03 04:59:29,147,Aarohi Agrawal,9653460605,1896.95,UPI,18
630,2026-02-12 22:13:29,42,Isha Jain,9152982173,1624.91,Cash,16
631,2026-06-21 04:05:29,71,Isha Patil,9595977524,88.35,Card,0
632,2026-06-28 04:32:29,53,Rahul Sharma,9723111271,4374.8,Card,43
633,2026-04-10 08:33:29,150,Ananya Rathi,9475489547,638.77,UPI,6
634,2026-02-15 09:39:29,72,Aarohi Deshmukh,9261896288,699.58,UPI,6
635,2026-05-06 02:20:29,108,Kunal Rathi,9808662813,516.15,Card,5
636,2026-03-25 23:21:29,19,Sai Joshi,9113599660,730.29,Cash,7
637,2026-04-04 03:37:29,102,Sneha Verma,9436604432,1216.3,Card,12
638,2026-06-07 07:02:29,98,Yash Joshi,9337970581,3566.94,UPI,35
639,2026-03-28 01:45:29,46,Rohan Rathi,9170715879,629.5,Cash,6
640,2026-05-22 03:11:29,66,Yash Agrawal,9957865436,1437.04,Cash,14
641,2026-03-17 06:34:29,124,Pooja Maheshwari,9825588255,789.9,Card,7
642,2026-04-19 22:13:29,112,Yash Gangan,9826328094,474.22,Card,4
643,2026-03-25 21:45:29,22,Ananya Deshmukh,9388565271,1432.4,UPI,14
644,2026-06-12 05:01:29,104,Pooja Jain,9397429250,1362.01,Cash,13
645,2026-07-01 07:53:29,46,Rohan Rathi,9170715879,1087.4,Cash,10
646,2026-06-23 02:39:29,5,Sneha Gangan,9524578715,120.0,UPI,1
647,2026-04-15 03:11:29,7,Neha Jain,9768182683,1486.97,Cash,14
648,2026-05-31 22:52:29,60,Sneha Verma,9092550213,199.95,Card,1
649,2026-01-26 07:28:29,8,Aarav Agrawal,9589298808,633.43,UPI,6
650,2026-02-11 00:27:29,55,Aditya Verma,9732807711,666.12,UPI,6
651,2026-05-31 05:08:29,68,Sneha Rathi,9270369249,2922.15,UPI,29
652,2026-03-02 02:06:29,121,Kunal Patil,9231660076,339.5,Cash,3
653,2026-04-06 02:17:29,104,Pooja Jain,9397429250,792.71,Card,7
654,2026-01-17 06:39:29,131,Sai Agrawal,9211471656,2368.97,Cash,23
655,2026-03-24 06:55:29,112,Yash Gangan,9826328094,1258.5,Cash,12
656,2026-02-11 07:10:29,21,Isha Rathi,9074555347,907.7,Cash,9
657,2026-05-22 02:13:29,106,Vivaan Kale,9459908027,401.9,Cash,4
658,2026-02-08 01:17:29,138,Isha Joshi,9561213773,1366.16,UPI,13
659,2026-03-04 21:12:29,8,Aarav Agrawal,9589298808,854.73,Cash,8
660,2026-06-08 03:33:29,138,Isha Joshi,9561213773,336.62,Cash,3
661,2026-02-18 02:22:29,102,Sneha Verma,9436604432,1623.84,Card,16
662,2026-01-04 00:06:29,77,Aarav Maheshwari,9520344765,572.19,Cash,5
663,2026-03-17 06:10:29,99,Krish Gangan,9187794176,1292.3,Card,12
664,2026-01-31 03:30:29,8,Aarav Agrawal,9589298808,530.17,Cash,5
665,2026-05-05 07:32:29,108,Kunal Rathi,9808662813,2532.53,UPI,25
666,2026-01-04 01:18:29,103,Rohan Patil,9572768297,1173.06,UPI,11
667,2026-05-25 03:35:29,136,Krish Rathi,9102908718,757.46,UPI,7
668,2026-05-10 08:40:29,67,Om Kale,9749603358,460.2,Card,4
669,2026-02-23 05:05:29,26,Rahul Jain,9258562614,3765.48,Cash,37
670,2026-02-12 05:16:29,2,Yash Verma,9894256529,59.84,UPI,0
671,2026-04-29 07:00:29,137,Yash Rathi,9804918727,652.2,Card,6
672,2026-03-20 05:48:29,128,Aarav Jain,9823571558,852.3,UPI,8
673,2026-03-02 22:39:29,20,Pooja Joshi,9806603920,2512.4,Card,25
674,2026-01-20 20:49:29,80,Om Agrawal,9744171581,2794.61,Card,27
675,2026-01-15 21:04:29,57,Saanvi Agrawal,9509025425,1455.35,Cash,14
676,2026-06-18 02:06:29,35,Yash Gangan,9090591191,2323.7,UPI,23
677,2026-01-03 03:13:29,57,Saanvi Agrawal,9509025425,4327.95,UPI,43
678,2026-02-05 04:50:29,125,Rahul Gangan,9754278656,2440.96,UPI,24
679,2026-02-15 04:50:29,47,Isha Kale,9080314998,492.68,UPI,4
680,2026-03-11 04:19:29,142,Kunal Rathi,9832102192,722.1,UPI,7
681,2026-06-20 21:33:29,89,Pooja Gangan,9757475833,719.55,Card,7
682,2026-06-01 23:40:29,136,Krish Rathi,9102908718,802.34,Card,8
683,2026-05-15 23:42:29,119,Neha Patil,9460401424,759.46,UPI,7
684,2026-01-26 06:57:29,131,Sai Agrawal,9211471656,828.6,Cash,8
685,2026-03-31 04:39:29,57,Saanvi Agrawal,9509025425,1267.9,UPI,12
686,2026-06-03 05:41:29,104,Pooja Jain,9397429250,1432.81,Card,14
687,2026-05-27 06:44:29,111,Om Patil,9039033970,1374.3,UPI,13
688,2026-04-11 02:07:29,13,Yash Kale,9237245018,1941.27,Card,19
689,2026-02-06 01:55:29,15,Vivaan Rathi,9417692743,1288.11,UPI,12
690,2026-03-15 06:52:29,137,Yash Rathi,9804918727,1000.2,Cash,10
691,2026-03-26 05:02:29,28,Siddhi Maheshwari,9320430977,1055.2,Cash,10
692,2026-04-02 23:40:29,75,Neha Patil,9229462135,1126.32,UPI,11
693,2026-04-24 22:47:29,24,Saanvi Jain,9755752250,741.0,UPI,7
694,2026-04-09 05:54:29,104,Pooja Jain,9397429250,1181.0,Cash,11
695,2026-02-17 22:43:29,2,Yash Verma,9894256529,1883.53,Card,18
696,2026-02-18 08:18:29,6,Neha Rathi,9082137118,783.92,Cash,7
697,2026-06-04 00:41:29,91,Rohan Sharma,9256265062,861.63,Card,8
698,2026-01-23 03:22:29,60,Sneha Verma,9092550213,592.34,Card,5
699,2026-01-22 07:09:29,27,Riya Agrawal,9703824073,1056.57,Cash,10
700,2026-02-02 21:31:29,18,Ananya Patil,9789969860,790.36,UPI,7
701,2026-06-12 04:21:29,99,Krish Gangan,9187794176,1282.9,Card,12
702,2026-03-15 07:13:29,133,Vivaan Maheshwari,9550476816,929.36,UPI,9
703,2026-05-19 06:39:29,146,Aarohi Rathi,9881228217,142.0,Cash,1
704,2026-06-04 07:21:29,89,Pooja Gangan,9757475833,1436.7,Card,14
705,2026-04-17 02:17:29,128,Aarav Jain,9823571558,340.0,Cash,3
706,2026-06-30 03:06:29,42,Isha Jain,9152982173,567.42,UPI,5
707,2026-05-07 02:24:29,64,Vivaan Maheshwari,9683625366,954.19,UPI,9
708,2026-03-21 03:21:29,6,Neha Rathi,9082137118,1444.71,Cash,14
709,2026-06-03 00:28:29,46,Rohan Rathi,9170715879,3879.1,UPI,38
710,2026-02-08 08:53:29,48,Vivaan Verma,9004635806,984.35,UPI,9
711,2026-01-31 04:59:29,96,Neha Chandak,9259710756,14.25,UPI,0
712,2026-02-04 21:59:29,136,Krish Rathi,9102908718,1478.5,Cash,14
713,2026-04-24 21:06:29,103,Rohan Patil,9572768297,1551.59,UPI,15
714,2026-03-17 05:39:29,133,Vivaan Maheshwari,9550476816,1036.15,UPI,10
715,2026-06-05 03:12:29,139,Rahul Sharma,9423597371,27.0,UPI,0
716,2026-06-14 06:57:29,86,Aarohi Rathi,9949684364,2581.65,UPI,25
717,2026-02-18 22:57:29,30,Neha Agrawal,9585125389,462.2,Card,4
718,2026-05-19 20:54:29,16,Krish Joshi,9537660144,630.6,UPI,6
719,2026-04-15 03:38:29,90,Neha Rathi,9775677722,971.66,Cash,9
720,2026-01-13 23:43:29,130,Aditya Chandak,9436438130,2400.9,Card,24
721,2026-04-15 06:14:29,27,Riya Agrawal,9703824073,284.26,Cash,2
722,2026-04-11 03:32:29,133,Vivaan Maheshwari,9550476816,1400.9,UPI,14
723,2026-05-19 00:04:29,86,Aarohi Rathi,9949684364,741.93,Cash,7
724,2026-04-11 03:23:29,41,Krish Gangan,9927282709,464.36,Card,4
725,2026-06-04 23:41:29,125,Rahul Gangan,9754278656,620.34,UPI,6
726,2026-02-16 04:29:29,119,Neha Patil,9460401424,1280.7,Card,12
727,2026-03-19 02:47:29,95,Isha Kale,9254969192,106.0,UPI,1
728,2026-05-19 06:40:29,2,Yash Verma,9894256529,1627.83,Cash,16
729,2026-06-28 08:11:29,33,Kunal Chandak,9215149409,422.85,UPI,4
730,2026-02-06 23:59:29,72,Aarohi Deshmukh,9261896288,1273.94,Card,12
731,2026-05-01 22:29:29,115,Saanvi Joshi,9439457039,880.1,Cash,8
732,2026-03-17 21:19:29,105,Om Maheshwari,9525680656,2015.99,Card,20
733,2026-06-25 08:04:29,98,Yash Joshi,9337970581,892.49,Cash,8
734,2026-04-04 07:59:29,6,Neha Rathi,9082137118,1241.89,Cash,12
735,2026-04-18 20:42:29,39,Vivaan Verma,9051208005,1432.69,UPI,14
736,2026-05-06 22:19:29,92,Saanvi Patil,9067245307,2852.58,UPI,28
737,2026-01-06 23:46:29,40,Yash Joshi,9512397283,1082.85,Cash,10
738,2026-03-28 01:35:29,138,Isha Joshi,9561213773,399.02,UPI,3
739,2026-06-27 08:24:29,9,Sneha Deshmukh,9521293289,252.2,UPI,2
740,2026-03-20 07:28:29,23,Om Chandak,9354116597,2304.65,UPI,23
741,2026-04-19 07:39:29,82,Krish Patil,9297519102,770.86,UPI,7
742,2026-05-23 04:14:29,17,Riya Rathi,9451017397,1088.0,Card,10
743,2026-06-10 06:44:29,47,Isha Kale,9080314998,1744.96,UPI,17
744,2026-05-14 22:03:29,110,Arjun Deshmukh,9855660847,2843.96,UPI,28
745,2026-01-23 21:03:29,19,Sai Joshi,9113599660,610.25,Card,6
746,2026-05-09 00:19:29,111,Om Patil,9039033970,1183.21,Cash,11
747,2026-05-04 08:36:29,110,Arjun Deshmukh,9855660847,1453.48,Card,14
748,2026-04-29 02:52:29,42,Isha Jain,9152982173,1356.49,Cash,13
749,2026-02-18 05:39:29,44,Saanvi Rathi,9050791815,749.66,UPI,7
750,2026-03-25 06:34:29,112,Yash Gangan,9826328094,3253.51,Cash,32
751,2026-05-05 05:18:29,85,Aarohi Agrawal,9428931132,1820.99,Cash,18
752,2026-01-03 08:19:29,12,Rahul Deshmukh,9669335134,1620.45,UPI,16
753,2026-06-12 20:45:29,88,Aditya Kale,9701595919,2752.59,UPI,27
754,2026-06-05 00:33:29,105,Om Maheshwari,9525680656,432.25,Cash,4
755,2026-04-10 07:26:29,45,Om Verma,9683452734,1936.18,Cash,19
756,2026-04-12 07:19:29,79,Rahul Sharma,9465586652,644.63,Cash,6
757,2026-04-06 23:57:29,65,Pooja Rathi,9755562833,1874.5,Cash,18
758,2026-03-01 07:40:29,144,Arjun Jain,9260508018,714.14,UPI,7
759,2026-06-06 00:56:29,131,Sai Agrawal,9211471656,2904.95,Card,29
760,2026-03-24 08:44:29,79,Rahul Sharma,9465586652,1428.75,Card,14
761,2026-04-26 00:39:29,120,Aarav Maheshwari,9201137984,64.53,Cash,0
762,2026-03-04 05:40:29,2,Yash Verma,9894256529,1293.44,Cash,12
763,2026-06-18 23:16:29,6,Neha Rathi,9082137118,1944.54,Cash,19
764,2026-02-18 22:32:29,85,Aarohi Agrawal,9428931132,270.75,Card,2
765,2026-05-28 20:58:29,91,Rohan Sharma,9256265062,263.3,Cash,2
766,2026-05-23 03:34:29,39,Vivaan Verma,9051208005,447.34,Card,4
767,2026-05-08 00:14:29,94,Sai Patil,9579423873,692.64,Card,6
768,2026-05-31 00:01:29,21,Isha Rathi,9074555347,1270.91,UPI,12
769,2026-04-27 23:56:29,107,Arjun Patil,9823155516,2187.48,UPI,21
770,2026-04-19 21:13:29,45,Om Verma,9683452734,408.6,Cash,4
771,2026-01-07 09:35:29,62,Rahul Jain,9967379457,1778.56,Card,17
772,2026-04-24 00:24:29,108,Kunal Rathi,9808662813,456.3,Card,4
773,2026-05-16 21:00:29,143,Om Gangan,9847129618,323.56,Card,3
774,2026-05-22 23:31:29,38,Aarohi Jain,9633515718,36.0,Cash,0
775,2026-04-06 04:05:29,93,Om Jain,9337976627,1321.8,UPI,13
776,2026-06-08 01:55:29,112,Yash Gangan,9826328094,58.2,Card,0
777,2026-06-21 06:11:29,41,Krish Gangan,9927282709,948.47,Cash,9
778,2026-04-27 00:35:29,17,Riya Rathi,9451017397,1089.35,Cash,10
779,2026-06-24 04:08:29,56,Aarohi Patil,9136957279,306.9,UPI,3
780,2026-05-13 07:09:29,145,Sneha Sharma,9425373377,1881.81,Card,18
781,2026-05-25 04:16:29,63,Om Gangan,9324264250,1617.11,UPI,16
782,2026-03-11 21:19:29,13,Yash Kale,9237245018,582.31,Cash,5
783,2026-06-10 22:15:29,77,Aarav Maheshwari,9520344765,422.5,UPI,4
784,2026-03-05 05:23:29,20,Pooja Joshi,9806603920,675.45,UPI,6
785,2026-01-27 00:15:29,1,Sai Chandak,9649133424,532.14,Card,5
786,2026-06-26 07:45:29,51,Rahul Agrawal,9560229394,1592.47,Card,15
787,2026-06-17 08:11:29,23,Om Chandak,9354116597,398.65,UPI,3
788,2026-01-11 21:03:29,12,Rahul Deshmukh,9669335134,1594.1,UPI,15
789,2026-06-06 01:47:29,137,Yash Rathi,9804918727,1027.07,Card,10
790,2026-04-04 01:40:29,78,Aditya Gangan,9802909046,1409.92,UPI,14
791,2026-05-10 03:29:29,129,Siddhi Joshi,9561372308,2231.5,Cash,22
792,2026-02-21 05:35:29,26,Rahul Jain,9258562614,503.78,Cash,5
793,2026-01-19 01:00:29,98,Yash Joshi,9337970581,415.61,Cash,4
794,2026-01-26 07:00:29,107,Arjun Patil,9823155516,2110.64,Card,21
795,2026-06-02 05:38:29,100,Arjun Gangan,9073305597,807.6,UPI,8
796,2026-03-01 08:34:29,103,Rohan Patil,9572768297,1530.84,UPI,15
797,2026-01-25 22:15:29,149,Isha Maheshwari,9169061812,1321.77,Cash,13
798,2026-05-04 02:24:29,14,Krish Maheshwari,9374189721,2697.25,Cash,26
799,2026-05-14 07:47:29,92,Saanvi Patil,9067245307,1280.56,UPI,12
800,2026-06-03 04:04:29,44,Saanvi Rathi,9050791815,1090.32,UPI,10
801,2026-05-25 04:45:29,125,Rahul Gangan,9754278656,822.9,Cash,8
802,2026-02-19 09:24:29,90,Neha Rathi,9775677722,212.97,Card,2
803,2026-04-18 22:32:29,50,Saanvi Joshi,9900631403,159.96,Card,1
804,2026-03-11 05:43:29,85,Aarohi Agrawal,9428931132,59.52,UPI,0
805,2026-05-03 06:51:29,63,Om Gangan,9324264250,4879.96,Card,48
806,2026-06-05 06:50:29,56,Aarohi Patil,9136957279,1301.84,Cash,13
807,2026-04-18 23:38:29,127,Aarohi Joshi,9236161880,122.65,Card,1
808,2026-04-13 00:17:29,139,Rahul Sharma,9423597371,1855.17,Cash,18
809,2026-06-17 06:08:29,12,Rahul Deshmukh,9669335134,1110.24,Card,11
810,2026-05-25 08:20:29,9,Sneha Deshmukh,9521293289,1034.91,UPI,10
811,2026-06-10 03:53:29,56,Aarohi Patil,9136957279,1188.3,Card,11
812,2026-03-20 23:22:29,47,Isha Kale,9080314998,1031.69,Cash,10
813,2026-01-26 04:47:29,4,Neha Agrawal,9967379487,2817.88,Cash,28
814,2026-06-29 06:00:29,2,Yash Verma,9894256529,2092.95,UPI,20
815,2026-04-30 21:01:29,50,Saanvi Joshi,9900631403,2116.96,UPI,21
816,2026-06-01 22:43:29,148,Neha Rathi,9793279862,1443.42,UPI,14
817,2026-03-06 22:34:29,146,Aarohi Rathi,9881228217,830.32,Cash,8
818,2026-02-19 00:32:29,105,Om Maheshwari,9525680656,548.52,Card,5
819,2026-05-11 03:30:29,10,Vivaan Rathi,9468677524,459.3,UPI,4
820,2026-03-27 01:42:29,142,Kunal Rathi,9832102192,3792.86,Card,37
821,2026-05-04 07:36:29,70,Sai Patil,9100051553,2057.01,Card,20
822,2026-01-02 21:29:29,52,Isha Agrawal,9460666437,1969.55,Card,19
823,2026-03-09 03:42:29,149,Isha Maheshwari,9169061812,927.05,Cash,9
824,2026-01-22 21:42:29,113,Sneha Rathi,9239453546,402.2,Card,4
825,2026-01-28 02:06:29,115,Saanvi Joshi,9439457039,1192.3,Card,11
826,2026-04-10 04:23:29,25,Isha Verma,9848826913,2096.55,Cash,20
827,2026-01-06 07:02:29,83,Aarohi Patil,9106330165,738.61,Card,7
828,2026-02-16 09:16:29,68,Sneha Rathi,9270369249,947.82,Card,9
829,2026-05-19 02:36:29,62,Rahul Jain,9967379457,998.51,Card,9
830,2026-03-06 05:22:29,106,Vivaan Kale,9459908027,1255.89,Cash,12
831,2026-01-23 09:20:29,86,Aarohi Rathi,9949684364,1262.71,UPI,12
832,2026-03-26 02:50:29,100,Arjun Gangan,9073305597,1624.38,UPI,16
833,2026-05-18 22:24:29,27,Riya Agrawal,9703824073,112.16,Cash,1
834,2026-04-26 00:34:29,13,Yash Kale,9237245018,919.73,Card,9
835,2026-06-05 04:33:29,142,Kunal Rathi,9832102192,945.34,Cash,9
836,2026-01-09 09:31:29,65,Pooja Rathi,9755562833,972.03,Cash,9
837,2026-03-18 21:45:29,52,Isha Agrawal,9460666437,1089.33,Card,10
838,2026-03-10 01:56:29,75,Neha Patil,9229462135,1179.74,Card,11
839,2026-01-11 01:10:29,4,Neha Agrawal,9967379487,1514.15,Card,15
840,2026-05-27 06:28:29,129,Siddhi Joshi,9561372308,730.0,Cash,7
841,2026-04-20 22:00:29,103,Rohan Patil,9572768297,384.25,UPI,3
842,2026-04-30 08:18:29,72,Aarohi Deshmukh,9261896288,1535.67,Card,15
843,2026-06-30 00:25:29,43,Riya Maheshwari,9867181535,780.66,Cash,7
844,2026-04-01 21:54:29,15,Vivaan Rathi,9417692743,844.45,Cash,8
845,2026-03-28 22:57:29,129,Siddhi Joshi,9561372308,3881.18,Card,38
846,2026-06-16 00:34:29,124,Pooja Maheshwari,9825588255,642.95,UPI,6
847,2026-04-19 09:01:29,69,Yash Agrawal,9265732759,1865.87,Card,18
848,2026-02-14 05:05:29,20,Pooja Joshi,9806603920,754.87,Card,7
849,2026-05-22 08:29:29,24,Saanvi Jain,9755752250,2137.45,Card,21
850,2026-05-29 04:28:29,95,Isha Kale,9254969192,240.1,UPI,2
851,2026-01-18 05:01:29,45,Om Verma,9683452734,1554.96,UPI,15
852,2026-02-27 20:53:29,83,Aarohi Patil,9106330165,2955.31,Card,29
853,2026-03-24 04:07:29,81,Siddhi Patil,9251293110,357.99,UPI,3
854,2026-02-07 03:20:29,26,Rahul Jain,9258562614,1306.79,Cash,13
855,2026-06-28 08:05:29,27,Riya Agrawal,9703824073,813.58,Card,8
856,2026-02-11 06:57:29,34,Rahul Agrawal,9748453986,981.34,Card,9
857,2026-04-08 22:42:29,146,Aarohi Rathi,9881228217,1831.18,Card,18
858,2026-05-07 23:29:29,91,Rohan Sharma,9256265062,554.8,Cash,5
859,2026-03-08 08:53:29,33,Kunal Chandak,9215149409,1250.5,Card,12
860,2026-06-30 23:39:29,6,Neha Rathi,9082137118,400.47,UPI,4
861,2026-04-03 01:37:29,108,Kunal Rathi,9808662813,349.05,Card,3
862,2026-05-11 02:08:29,150,Ananya Rathi,9475489547,2777.4,Cash,27
863,2026-04-20 08:39:29,89,Pooja Gangan,9757475833,968.21,Card,9
864,2026-01-23 22:32:29,6,Neha Rathi,9082137118,58.0,Card,0
865,2026-06-21 09:09:29,71,Isha Patil,9595977524,34.0,UPI,0
866,2026-05-11 20:54:29,55,Aditya Verma,9732807711,1996.09,Cash,19
867,2026-05-25 00:18:29,33,Kunal Chandak,9215149409,942.58,Cash,9
868,2026-05-24 01:36:29,3,Vivaan Agrawal,9202032650,1502.75,UPI,15
869,2026-01-02 09:29:29,138,Isha Joshi,9561213773,1799.04,Cash,17
870,2026-04-16 07:12:29,125,Rahul Gangan,9754278656,1872.2,Cash,18
871,2026-06-26 09:26:29,89,Pooja Gangan,9757475833,2289.62,Cash,22
872,2026-02-01 08:22:29,83,Aarohi Patil,9106330165,2833.12,UPI,28
873,2026-04-24 05:19:29,104,Pooja Jain,9397429250,1440.2,Cash,14
874,2026-05-03 07:21:29,148,Neha Rathi,9793279862,1172.8,Card,11
875,2026-03-08 03:22:29,134,Neha Kale,9706071748,212.0,Card,2
876,2026-03-12 21:31:29,9,Sneha Deshmukh,9521293289,1431.32,UPI,14
877,2026-03-26 00:58:29,89,Pooja Gangan,9757475833,1177.75,Card,11
878,2026-02-23 03:40:29,86,Aarohi Rathi,9949684364,1091.8,Cash,10
879,2026-04-25 08:21:29,105,Om Maheshwari,9525680656,140.3,UPI,1
880,2026-03-25 08:37:29,92,Saanvi Patil,9067245307,1037.62,Cash,10
881,2026-03-24 04:49:29,88,Aditya Kale,9701595919,655.37,Card,6
882,2026-05-05 01:46:29,6,Neha Rathi,9082137118,576.79,Card,5
883,2026-03-18 22:31:29,71,Isha Patil,9595977524,2125.65,Cash,21
884,2026-04-23 02:05:29,114,Pooja Sharma,9798632106,1607.68,Cash,16
885,2026-04-22 05:11:29,57,Saanvi Agrawal,9509025425,343.2,Card,3
886,2026-02-07 07:41:29,45,Om Verma,9683452734,1237.34,Card,12
887,2026-03-18 22:03:29,62,Rahul Jain,9967379457,1133.55,Cash,11
888,2026-03-16 05:57:29,59,Siddhi Joshi,9848228501,1278.23,Card,12
889,2026-03-21 22:06:29,125,Rahul Gangan,9754278656,884.1,Card,8
890,2026-05-06 08:19:29,89,Pooja Gangan,9757475833,1594.8,UPI,15
891,2026-04-24 21:00:29,78,Aditya Gangan,9802909046,1418.53,UPI,14
892,2026-04-01 08:01:29,143,Om Gangan,9847129618,1073.41,Cash,10
893,2026-06-18 21:29:29,8,Aarav Agrawal,9589298808,2374.85,Card,23
894,2026-06-21 05:30:29,61,Yash Sharma,9691309810,1989.75,Card,19
895,2026-07-01 05:19:29,92,Saanvi Patil,9067245307,825.11,UPI,8
896,2026-06-06 20:45:29,50,Saanvi Joshi,9900631403,2119.15,Cash,21
897,2026-05-27 03:09:29,123,Aarav Kale,9096873045,667.8,Card,6
898,2026-02-21 08:30:29,6,Neha Rathi,9082137118,235.84,Cash,2
899,2026-04-05 09:21:29,59,Siddhi Joshi,9848228501,545.92,Cash,5
900,2026-05-02 09:18:29,61,Yash Sharma,9691309810,683.55,Card,6
901,2026-04-21 05:47:29,100,Arjun Gangan,9073305597,1568.7,UPI,15
902,2026-05-31 04:31:29,28,Siddhi Maheshwari,9320430977,1748.92,Card,17
903,2026-03-14 01:40:29,82,Krish Patil,9297519102,194.08,Card,1
904,2026-01-27 08:18:29,139,Rahul Sharma,9423597371,2006.54,Cash,20
905,2026-01-16 21:48:29,69,Yash Agrawal,9265732759,391.14,Card,3
906,2026-01-04 03:23:29,147,Aarohi Agrawal,9653460605,372.95,Cash,3
907,2026-06-18 04:25:29,108,Kunal Rathi,9808662813,414.35,Card,4
908,2026-06-19 00:47:29,13,Yash Kale,9237245018,1107.99,UPI,11
909,2026-04-13 21:01:29,22,Ananya Deshmukh,9388565271,144.0,Cash,1
910,2026-01-10 06:27:29,146,Aarohi Rathi,9881228217,1901.85,Card,19
911,2026-06-24 20:48:29,116,Aarav Jain,9032537657,619.58,Cash,6
912,2026-01-19 05:56:29,64,Vivaan Maheshwari,9683625366,1118.95,Card,11
913,2026-04-28 02:31:29,131,Sai Agrawal,9211471656,1239.1,Card,12
914,2026-01-03 03:04:29,22,Ananya Deshmukh,9388565271,1018.4,Cash,10
915,2026-01-23 23:39:29,13,Yash Kale,9237245018,1191.02,Card,11
916,2026-01-27 04:40:29,117,Kunal Maheshwari,9894319100,514.93,UPI,5
917,2026-01-25 02:57:29,85,Aarohi Agrawal,9428931132,2963.39,Cash,29
918,2026-02-28 01:01:29,72,Aarohi Deshmukh,9261896288,1468.4,UPI,14
919,2026-02-27 22:57:29,59,Siddhi Joshi,9848228501,2522.87,Card,25
920,2026-06-01 01:25:29,12,Rahul Deshmukh,9669335134,981.73,Cash,9
921,2026-02-12 03:44:29,75,Neha Patil,9229462135,3026.46,Cash,30
922,2026-03-30 03:50:29,108,Kunal Rathi,9808662813,1925.4,Cash,19
923,2026-01-04 03:05:29,107,Arjun Patil,9823155516,693.54,Card,6
924,2026-01-10 06:30:29,122,Aarav Joshi,9014473404,715.85,Cash,7
925,2026-04-08 00:12:29,37,Rohan Rathi,9725214526,608.22,Card,6
926,2026-02-14 23:23:29,108,Kunal Rathi,9808662813,869.59,UPI,8
927,2026-02-07 00:20:29,14,Krish Maheshwari,9374189721,1764.95,Cash,17
928,2026-03-09 07:55:29,145,Sneha Sharma,9425373377,407.68,Card,4
929,2026-02-19 02:09:29,34,Rahul Agrawal,9748453986,1013.65,Cash,10
930,2026-03-07 05:37:29,68,Sneha Rathi,9270369249,717.2,Card,7
931,2026-01-04 00:51:29,134,Neha Kale,9706071748,2973.25,Cash,29
932,2026-05-17 07:09:29,141,Sai Rathi,9704686111,3489.06,Cash,34
933,2026-06-02 09:17:29,54,Aarohi Chandak,9464844941,1065.34,UPI,10
934,2026-02-11 09:00:29,65,Pooja Rathi,9755562833,1566.84,UPI,15
935,2026-03-24 22:25:29,5,Sneha Gangan,9524578715,631.05,UPI,6
936,2026-05-07 02:00:29,22,Ananya Deshmukh,9388565271,2280.4,UPI,22
937,2026-02-14 03:24:29,92,Saanvi Patil,9067245307,1632.6,Cash,16
938,2026-05-20 08:53:29,75,Neha Patil,9229462135,1441.49,UPI,14
939,2026-03-28 04:19:29,67,Om Kale,9749603358,1563.89,UPI,15
940,2026-04-22 04:19:29,145,Sneha Sharma,9425373377,397.65,Card,3
941,2026-05-22 08:27:29,40,Yash Joshi,9512397283,2115.32,Card,21
942,2026-03-25 08:48:29,96,Neha Chandak,9259710756,1638.85,Card,16
943,2026-03-03 06:07:29,120,Aarav Maheshwari,9201137984,3539.41,Cash,35
944,2026-05-03 23:37:29,119,Neha Patil,9460401424,1077.75,Card,10
945,2026-05-14 03:51:29,119,Neha Patil,9460401424,2547.02,Card,25
946,2026-01-14 09:32:29,147,Aarohi Agrawal,9653460605,635.94,Cash,6
947,2026-06-03 22:07:29,3,Vivaan Agrawal,9202032650,524.47,Card,5
948,2026-02-03 01:57:29,36,Saanvi Agrawal,9922071511,1809.8,UPI,18
949,2026-06-24 01:50:29,26,Rahul Jain,9258562614,1315.5,Card,13
950,2026-01-04 06:45:29,4,Neha Agrawal,9967379487,2843.11,Card,28
951,2026-06-28 04:31:29,107,Arjun Patil,9823155516,1098.33,Cash,10
952,2026-04-15 01:41:29,61,Yash Sharma,9691309810,1853.38,Card,18
953,2026-03-24 01:23:29,84,Kunal Agrawal,9792749072,551.48,Card,5
954,2026-04-22 04:04:29,16,Krish Joshi,9537660144,644.65,Card,6
955,2026-05-31 20:58:29,103,Rohan Patil,9572768297,900.01,Card,9
956,2026-02-26 23:42:29,26,Rahul Jain,9258562614,502.62,Card,5
957,2026-01-13 22:55:29,54,Aarohi Chandak,9464844941,1016.55,UPI,10
958,2026-01-13 22:56:29,103,Rohan Patil,9572768297,555.91,Cash,5
959,2026-05-08 21:32:29,137,Yash Rathi,9804918727,1580.25,Card,15
960,2026-04-07 02:35:29,41,Krish Gangan,9927282709,1595.7,UPI,15
961,2026-06-07 01:40:29,80,Om Agrawal,9744171581,242.5,Cash,2
962,2026-03-28 08:12:29,29,Yash Agrawal,9628969645,556.2,UPI,5
963,2026-05-13 07:22:29,45,Om Verma,9683452734,1628.5,Cash,16
964,2026-01-04 08:41:29,34,Rahul Agrawal,9748453986,1421.48,Card,14
965,2026-04-28 22:00:29,115,Saanvi Joshi,9439457039,1921.3,Card,19
966,2026-01-27 05:19:29,143,Om Gangan,9847129618,2933.97,Cash,29
967,2026-04-01 06:43:29,12,Rahul Deshmukh,9669335134,611.09,UPI,6
968,2026-02-10 08:12:29,123,Aarav Kale,9096873045,779.94,UPI,7
969,2026-02-26 21:30:29,137,Yash Rathi,9804918727,960.78,Cash,9
970,2026-05-16 05:27:29,98,Yash Joshi,9337970581,1918.36,UPI,19
971,2026-05-09 21:39:29,23,Om Chandak,9354116597,429.65,Cash,4
972,2026-03-04 09:11:29,55,Aditya Verma,9732807711,1478.33,Card,14
973,2026-04-17 22:04:29,42,Isha Jain,9152982173,1556.33,Card,15
974,2026-03-30 01:18:29,15,Vivaan Rathi,9417692743,962.69,Cash,9
975,2026-05-15 05:11:29,61,Yash Sharma,9691309810,665.18,Card,6
976,2026-01-08 21:18:29,16,Krish Joshi,9537660144,5759.83,Cash,57
977,2026-05-13 06:12:29,40,Yash Joshi,9512397283,685.75,Cash,6
978,2026-06-12 02:44:29,84,Kunal Agrawal,9792749072,988.68,UPI,9
979,2026-04-03 22:23:29,48,Vivaan Verma,9004635806,3223.33,UPI,32
980,2026-02-03 04:14:29,149,Isha Maheshwari,9169061812,2391.48,UPI,23
981,2026-02-07 23:32:29,4,Neha Agrawal,9967379487,759.6,Cash,7
982,2026-01-11 23:45:29,94,Sai Patil,9579423873,238.48,Card,2
983,2026-04-09 07:05:29,40,Yash Joshi,9512397283,1674.43,UPI,16
984,2026-06-07 23:27:29,149,Isha Maheshwari,9169061812,1660.45,Cash,16
985,2026-02-21 08:45:29,24,Saanvi Jain,9755752250,797.04,Cash,7
986,2026-01-11 05:04:29,116,Aarav Jain,9032537657,1826.76,Cash,18
987,2026-03-23 03:49:29,70,Sai Patil,9100051553,90.25,Cash,0
988,2026-04-28 07:58:29,14,Krish Maheshwari,9374189721,1552.94,Cash,15
989,2026-02-18 07:06:29,23,Om Chandak,9354116597,40.74,UPI,0
990,2026-02-13 03:29:29,58,Rahul Rathi,9248132357,579.36,Cash,5
991,2026-01-24 07:34:29,62,Rahul Jain,9967379457,699.85,UPI,6
992,2026-04-24 01:14:29,72,Aarohi Deshmukh,9261896288,2746.68,Cash,27
993,2026-01-03 08:45:29,120,Aarav Maheshwari,9201137984,1331.16,UPI,13
994,2026-06-07 20:51:29,72,Aarohi Deshmukh,9261896288,1637.94,Card,16
995,2026-04-26 00:55:29,109,Ananya Agrawal,9308003700,868.91,UPI,8
996,2026-01-16 01:20:29,1,Sai Chandak,9649133424,1404.4,Cash,14
997,2026-03-02 22:10:29,117,Kunal Maheshwari,9894319100,1843.98,Card,18
998,2026-03-27 06:56:29,97,Siddhi Gangan,9748595325,357.6,Cash,3
999,2026-03-09 07:46:29,24,Saanvi Jain,9755752250,287.55,Cash,2
1000,2026-04-23 21:08:29,100,Arjun Gangan,9073305597,1165.24,Card,11
1001,2026-06-07 00:40:29,143,Om Gangan,9847129618,423.86,Cash,4
1002,2026-01-28 01:23:29,4,Neha Agrawal,9967379487,378.64,Cash,3
1003,2026-05-03 08:34:29,34,Rahul Agrawal,9748453986,1015.46,Cash,10
1004,2026-06-09 23:05:29,7,Neha Jain,9768182683,234.36,UPI,2
1005,2026-01-23 02:08:29,15,Vivaan Rathi,9417692743,999.8,UPI,9
1006,2026-05-12 23:22:29,143,Om Gangan,9847129618,1508.46,Card,15
1007,2026-04-15 03:49:29,144,Arjun Jain,9260508018,1567.74,Cash,15
1008,2026-04-18 22:19:29,82,Krish Patil,9297519102,906.65,UPI,9
1009,2026-02-10 00:07:29,8,Aarav Agrawal,9589298808,1978.47,Card,19
1010,2026-05-28 07:55:29,18,Ananya Patil,9789969860,1235.45,Cash,12
1011,2026-01-27 23:05:29,117,Kunal Maheshwari,9894319100,427.6,Card,4
1012,2026-02-12 23:01:29,83,Aarohi Patil,9106330165,1855.4,Cash,18
1013,2026-01-29 21:45:29,130,Aditya Chandak,9436438130,1325.44,Card,13
1014,2026-06-14 03:25:29,15,Vivaan Rathi,9417692743,794.7,UPI,7
1015,2026-04-11 00:10:29,69,Yash Agrawal,9265732759,1989.16,Card,19
1016,2026-05-07 04:30:29,146,Aarohi Rathi,9881228217,1308.14,UPI,13
1017,2026-06-23 00:06:29,123,Aarav Kale,9096873045,425.42,Cash,4
1018,2026-01-27 23:04:29,27,Riya Agrawal,9703824073,620.01,UPI,6
1019,2026-04-12 23:43:29,93,Om Jain,9337976627,926.85,UPI,9
1020,2026-01-12 04:24:29,29,Yash Agrawal,9628969645,1463.95,UPI,14
1021,2026-01-02 03:49:29,48,Vivaan Verma,9004635806,1143.7,Card,11
1022,2026-02-24 07:06:29,111,Om Patil,9039033970,614.72,Card,6
1023,2026-06-09 01:25:29,30,Neha Agrawal,9585125389,833.4,Cash,8
1024,2026-02-10 08:22:29,10,Vivaan Rathi,9468677524,1344.46,Card,13
1025,2026-04-23 09:17:29,30,Neha Agrawal,9585125389,817.61,UPI,8
1026,2026-04-07 01:39:29,66,Yash Agrawal,9957865436,1333.02,UPI,13
1027,2026-04-16 00:50:29,126,Arjun Gangan,9577820582,1944.73,Card,19
1028,2026-02-02 02:34:29,50,Saanvi Joshi,9900631403,674.3,Cash,6
1029,2026-06-13 00:56:29,114,Pooja Sharma,9798632106,1791.23,UPI,17
1030,2026-03-24 05:24:29,84,Kunal Agrawal,9792749072,1010.32,Card,10
1031,2026-01-03 08:29:29,130,Aditya Chandak,9436438130,1627.97,Cash,16
1032,2026-06-02 22:43:29,94,Sai Patil,9579423873,1002.69,Card,10
1033,2026-01-06 08:00:29,58,Rahul Rathi,9248132357,807.6,Cash,8
1034,2026-05-22 06:38:29,1,Sai Chandak,9649133424,2272.37,UPI,22
1035,2026-02-22 03:26:29,53,Rahul Sharma,9723111271,2153.75,UPI,21
1036,2026-06-26 03:58:29,2,Yash Verma,9894256529,1698.13,UPI,16
1037,2026-05-15 07:12:29,55,Aditya Verma,9732807711,1238.49,Cash,12
1038,2026-06-16 22:15:29,132,Isha Gangan,9653469979,338.45,Card,3
1039,2026-01-04 06:41:29,146,Aarohi Rathi,9881228217,1543.45,UPI,15
1040,2026-04-15 06:38:29,116,Aarav Jain,9032537657,1026.25,Cash,10
1041,2026-01-29 08:06:29,146,Aarohi Rathi,9881228217,2163.41,Cash,21
1042,2026-04-21 02:13:29,147,Aarohi Agrawal,9653460605,950.0,UPI,9
1043,2026-05-04 05:00:29,97,Siddhi Gangan,9748595325,690.95,Card,6
1044,2026-01-16 04:22:29,54,Aarohi Chandak,9464844941,1067.7,UPI,10
1045,2026-05-07 05:15:29,1,Sai Chandak,9649133424,1161.75,Card,11
1046,2026-02-04 05:02:29,88,Aditya Kale,9701595919,58.5,UPI,0
1047,2026-06-25 09:06:29,36,Saanvi Agrawal,9922071511,713.46,Cash,7
1048,2026-05-05 21:59:29,124,Pooja Maheshwari,9825588255,2290.0,Cash,22
1049,2026-01-20 00:07:29,65,Pooja Rathi,9755562833,268.75,Cash,2
1050,2026-02-10 22:16:29,29,Yash Agrawal,9628969645,1371.35,UPI,13
1051,2026-02-09 05:22:29,44,Saanvi Rathi,9050791815,1101.0,Card,11
1052,2026-01-14 23:07:29,86,Aarohi Rathi,9949684364,2292.4,Card,22
1053,2026-03-10 07:33:29,16,Krish Joshi,9537660144,2627.2,UPI,26
1054,2026-01-17 06:09:29,39,Vivaan Verma,9051208005,382.09,UPI,3
1055,2026-03-30 06:47:29,18,Ananya Patil,9789969860,743.48,Card,7
1056,2026-05-23 06:53:29,19,Sai Joshi,9113599660,658.3,Card,6
1057,2026-05-29 03:31:29,41,Krish Gangan,9927282709,983.26,UPI,9
1058,2026-05-12 00:22:29,38,Aarohi Jain,9633515718,1539.32,UPI,15
1059,2026-04-13 23:50:29,16,Krish Joshi,9537660144,1136.9,Cash,11
1060,2026-01-05 06:07:29,105,Om Maheshwari,9525680656,185.0,Cash,1
1061,2026-02-10 08:21:29,113,Sneha Rathi,9239453546,727.92,Cash,7
1062,2026-06-29 08:19:29,1,Sai Chandak,9649133424,737.0,UPI,7
1063,2026-03-20 23:06:29,140,Arjun Chandak,9990775608,1888.19,Card,18
1064,2026-01-10 02:05:29,109,Ananya Agrawal,9308003700,2106.25,Cash,21
1065,2026-05-29 02:21:29,121,Kunal Patil,9231660076,1371.74,UPI,13
1066,2026-06-04 22:20:29,148,Neha Rathi,9793279862,1755.3,Card,17
1067,2026-05-05 22:04:29,103,Rohan Patil,9572768297,390.85,Card,3
1068,2026-04-07 08:09:29,149,Isha Maheshwari,9169061812,544.35,Card,5
1069,2026-01-15 07:11:29,1,Sai Chandak,9649133424,960.4,Card,9
1070,2026-02-12 07:29:29,122,Aarav Joshi,9014473404,228.2,UPI,2
1071,2026-06-09 04:04:29,45,Om Verma,9683452734,2706.5,Cash,27
1072,2026-06-03 08:09:29,83,Aarohi Patil,9106330165,473.6,Card,4
1073,2026-06-22 06:51:29,67,Om Kale,9749603358,1520.3,UPI,15
1074,2026-04-29 09:20:29,62,Rahul Jain,9967379457,809.3,Cash,8
1075,2026-01-31 08:24:29,137,Yash Rathi,9804918727,130.0,Cash,1
1076,2026-01-24 09:31:29,128,Aarav Jain,9823571558,1787.64,Card,17
1077,2026-06-23 02:09:29,12,Rahul Deshmukh,9669335134,802.04,UPI,8
1078,2026-04-07 09:25:29,133,Vivaan Maheshwari,9550476816,1858.2,UPI,18
1079,2026-03-05 02:33:29,20,Pooja Joshi,9806603920,2270.6,Cash,22
1080,2026-02-10 02:20:29,68,Sneha Rathi,9270369249,321.85,Card,3
1081,2026-05-05 09:16:29,133,Vivaan Maheshwari,9550476816,2006.15,Cash,20
1082,2026-04-09 20:59:29,79,Rahul Sharma,9465586652,1833.33,UPI,18
1083,2026-04-20 04:36:29,47,Isha Kale,9080314998,1380.3,Cash,13
1084,2026-03-18 01:02:29,85,Aarohi Agrawal,9428931132,984.42,UPI,9
1085,2026-06-05 02:52:29,85,Aarohi Agrawal,9428931132,530.55,Card,5
1086,2026-01-29 23:34:29,7,Neha Jain,9768182683,1942.72,UPI,19
1087,2026-04-30 21:23:29,16,Krish Joshi,9537660144,1325.66,UPI,13
1088,2026-06-22 23:32:29,113,Sneha Rathi,9239453546,1563.0,Cash,15
1089,2026-01-18 09:32:29,49,Aarohi Verma,9503172351,1448.8,Cash,14
1090,2026-03-27 05:06:29,131,Sai Agrawal,9211471656,1266.82,UPI,12
1091,2026-02-05 21:51:29,87,Sneha Sharma,9442101750,1956.14,Card,19
1092,2026-03-21 23:15:29,135,Sai Maheshwari,9653970548,1555.57,Cash,15
1093,2026-02-13 00:28:29,24,Saanvi Jain,9755752250,2470.22,Cash,24
1094,2026-05-01 23:14:29,48,Vivaan Verma,9004635806,3209.29,UPI,32
1095,2026-04-15 23:23:29,2,Yash Verma,9894256529,4113.42,Cash,41
1096,2026-01-16 01:02:29,10,Vivaan Rathi,9468677524,451.8,UPI,4
1097,2026-05-22 02:33:29,44,Saanvi Rathi,9050791815,1025.2,UPI,10
1098,2026-03-30 01:59:29,85,Aarohi Agrawal,9428931132,1254.45,UPI,12
1099,2026-01-27 22:07:29,76,Neha Joshi,9709962543,2390.81,Cash,23
1100,2026-06-22 01:28:29,132,Isha Gangan,9653469979,696.85,Cash,6
1101,2026-06-05 02:03:29,140,Arjun Chandak,9990775608,1880.52,UPI,18
1102,2026-04-16 21:21:29,125,Rahul Gangan,9754278656,586.74,UPI,5
1103,2026-05-08 22:36:29,130,Aditya Chandak,9436438130,222.6,Card,2
1104,2026-03-25 05:30:29,14,Krish Maheshwari,9374189721,140.4,UPI,1
1105,2026-02-26 00:10:29,94,Sai Patil,9579423873,1972.32,UPI,19
1106,2026-04-09 02:19:29,82,Krish Patil,9297519102,1829.71,Card,18
1107,2026-06-27 07:05:29,62,Rahul Jain,9967379457,2479.57,Cash,24
1108,2026-01-17 04:38:29,37,Rohan Rathi,9725214526,727.55,Card,7
1109,2026-01-25 01:34:29,48,Vivaan Verma,9004635806,513.1,Card,5
1110,2026-05-03 07:05:29,35,Yash Gangan,9090591191,305.4,UPI,3
1111,2026-04-04 07:35:29,49,Aarohi Verma,9503172351,1516.95,UPI,15
1112,2026-03-06 21:52:29,148,Neha Rathi,9793279862,29.4,UPI,0
1113,2026-06-18 23:03:29,93,Om Jain,9337976627,1053.46,Card,10
1114,2026-02-10 02:00:29,61,Yash Sharma,9691309810,683.8,Cash,6
1115,2026-02-22 00:19:29,18,Ananya Patil,9789969860,1266.27,UPI,12
1116,2026-02-08 21:30:29,30,Neha Agrawal,9585125389,215.7,Card,2
1117,2026-05-24 05:22:29,13,Yash Kale,9237245018,499.65,UPI,4
1118,2026-02-20 02:06:29,56,Aarohi Patil,9136957279,405.0,Cash,4
1119,2026-05-06 21:00:29,103,Rohan Patil,9572768297,251.0,UPI,2
1120,2026-06-27 05:38:29,56,Aarohi Patil,9136957279,2558.76,UPI,25
1121,2026-03-10 06:04:29,70,Sai Patil,9100051553,617.15,UPI,6
1122,2026-04-08 09:28:29,20,Pooja Joshi,9806603920,2370.7,UPI,23
1123,2026-05-28 06:05:29,49,Aarohi Verma,9503172351,154.65,UPI,1
1124,2026-06-03 05:58:29,89,Pooja Gangan,9757475833,1087.66,Card,10
1125,2026-05-14 21:31:29,82,Krish Patil,9297519102,427.12,UPI,4
1126,2026-03-29 05:30:29,104,Pooja Jain,9397429250,1385.95,Cash,13
1127,2026-06-27 23:24:29,139,Rahul Sharma,9423597371,1139.79,Cash,11
1128,2026-02-13 09:29:29,133,Vivaan Maheshwari,9550476816,1558.77,Cash,15
1129,2026-05-14 01:07:29,94,Sai Patil,9579423873,1035.21,UPI,10
1130,2026-04-25 04:06:29,148,Neha Rathi,9793279862,1238.6,Cash,12
1131,2026-02-16 04:48:29,113,Sneha Rathi,9239453546,499.88,Card,4
1132,2026-01-31 22:00:29,98,Yash Joshi,9337970581,1099.8,Cash,10
1133,2026-06-12 01:05:29,87,Sneha Sharma,9442101750,406.7,Cash,4
1134,2026-05-09 03:46:29,60,Sneha Verma,9092550213,83.7,Card,0
1135,2026-06-12 07:01:29,70,Sai Patil,9100051553,1417.02,UPI,14
1136,2026-05-15 03:32:29,57,Saanvi Agrawal,9509025425,1827.2,Card,18
1137,2026-01-07 09:18:29,116,Aarav Jain,9032537657,646.3,UPI,6
1138,2026-03-13 05:21:29,62,Rahul Jain,9967379457,1905.6,UPI,19
1139,2026-02-17 06:03:29,79,Rahul Sharma,9465586652,3515.81,UPI,35
1140,2026-03-29 23:13:29,122,Aarav Joshi,9014473404,1307.0,Cash,13
1141,2026-05-23 00:33:29,55,Aditya Verma,9732807711,1283.38,UPI,12
1142,2026-06-13 07:02:29,73,Siddhi Patil,9271026767,2101.74,UPI,21
1143,2026-02-22 06:54:29,139,Rahul Sharma,9423597371,414.32,Card,4
1144,2026-01-25 22:02:29,121,Kunal Patil,9231660076,1010.55,UPI,10
1145,2026-05-28 21:48:29,125,Rahul Gangan,9754278656,92.4,Cash,0
1146,2026-03-08 03:26:29,66,Yash Agrawal,9957865436,1796.31,Card,17
1147,2026-02-18 00:12:29,87,Sneha Sharma,9442101750,805.2,Card,8
1148,2026-02-01 06:50:29,144,Arjun Jain,9260508018,1244.6,UPI,12
1149,2026-04-15 04:17:29,43,Riya Maheshwari,9867181535,200.88,Cash,2
1150,2026-01-05 23:15:29,106,Vivaan Kale,9459908027,2122.41,Card,21
1151,2026-01-04 09:28:29,121,Kunal Patil,9231660076,2553.25,UPI,25
1152,2026-01-11 04:32:29,43,Riya Maheshwari,9867181535,838.8,Card,8
1153,2026-03-12 04:58:29,61,Yash Sharma,9691309810,1768.7,Cash,17
1154,2026-04-21 04:06:29,35,Yash Gangan,9090591191,1085.98,UPI,10
1155,2026-03-21 02:29:29,50,Saanvi Joshi,9900631403,1068.25,Cash,10
1156,2026-02-14 02:09:29,89,Pooja Gangan,9757475833,363.9,Card,3
1157,2026-03-12 04:06:29,39,Vivaan Verma,9051208005,822.9,Card,8
1158,2026-01-17 08:32:29,7,Neha Jain,9768182683,2210.37,Card,22
1159,2026-04-30 23:38:29,60,Sneha Verma,9092550213,192.0,Card,1
1160,2026-01-27 20:55:29,54,Aarohi Chandak,9464844941,982.96,UPI,9
1161,2026-03-06 20:54:29,54,Aarohi Chandak,9464844941,103.55,UPI,1
1162,2026-06-24 22:21:29,51,Rahul Agrawal,9560229394,1517.66,Card,15
1163,2026-06-15 07:04:29,135,Sai Maheshwari,9653970548,488.25,Card,4
1164,2026-05-19 21:38:29,99,Krish Gangan,9187794176,442.57,Cash,4
1165,2026-06-21 08:15:29,126,Arjun Gangan,9577820582,609.6,Cash,6
1166,2026-06-16 06:08:29,51,Rahul Agrawal,9560229394,554.42,Card,5
1167,2026-06-24 07:14:29,120,Aarav Maheshwari,9201137984,129.85,UPI,1
1168,2026-04-07 09:18:29,131,Sai Agrawal,9211471656,851.84,UPI,8
1169,2026-04-23 03:37:29,102,Sneha Verma,9436604432,1446.65,Cash,14
1170,2026-05-29 07:15:29,146,Aarohi Rathi,9881228217,420.35,UPI,4
1171,2026-01-28 02:03:29,40,Yash Joshi,9512397283,3250.7,UPI,32
1172,2026-05-26 02:01:29,143,Om Gangan,9847129618,1597.93,Cash,15
1173,2026-05-13 03:54:29,15,Vivaan Rathi,9417692743,2188.47,Card,21
1174,2026-02-14 07:54:29,48,Vivaan Verma,9004635806,908.43,Card,9
1175,2026-02-24 07:50:29,114,Pooja Sharma,9798632106,3527.2,Card,35
1176,2026-05-07 22:39:29,51,Rahul Agrawal,9560229394,456.96,Cash,4
1177,2026-03-19 01:39:29,148,Neha Rathi,9793279862,2897.51,UPI,28
1178,2026-02-19 04:15:29,142,Kunal Rathi,9832102192,703.3,Card,7
1179,2026-04-25 00:56:29,61,Yash Sharma,9691309810,648.4,UPI,6
1180,2026-02-11 08:01:29,102,Sneha Verma,9436604432,3123.41,Card,31
1181,2026-06-03 01:52:29,104,Pooja Jain,9397429250,558.42,UPI,5
1182,2026-04-26 21:41:29,130,Aditya Chandak,9436438130,752.34,Card,7
1183,2026-02-02 07:28:29,150,Ananya Rathi,9475489547,796.46,Card,7
1184,2026-06-29 02:03:29,104,Pooja Jain,9397429250,2495.95,Card,24
1185,2026-01-01 22:33:29,103,Rohan Patil,9572768297,524.6,UPI,5
1186,2026-01-08 21:52:29,28,Siddhi Maheshwari,9320430977,332.83,UPI,3
1187,2026-06-18 08:46:29,99,Krish Gangan,9187794176,2095.07,Card,20
1188,2026-05-18 03:46:29,106,Vivaan Kale,9459908027,3493.95,Cash,34
1189,2026-05-07 07:47:29,5,Sneha Gangan,9524578715,974.4,Card,9
1190,2026-01-12 06:44:29,68,Sneha Rathi,9270369249,945.9,Cash,9
1191,2026-04-04 05:16:29,127,Aarohi Joshi,9236161880,1518.71,UPI,15
1192,2026-02-04 07:43:29,107,Arjun Patil,9823155516,933.79,Cash,9
1193,2026-06-14 22:15:29,13,Yash Kale,9237245018,1036.56,Card,10
1194,2026-05-08 06:27:29,131,Sai Agrawal,9211471656,234.08,UPI,2
1195,2026-03-15 07:02:29,30,Neha Agrawal,9585125389,1373.01,UPI,13
1196,2026-01-03 04:48:29,109,Ananya Agrawal,9308003700,1072.78,Card,10
1197,2026-06-28 06:12:29,20,Pooja Joshi,9806603920,338.57,Cash,3
1198,2026-03-14 06:37:29,68,Sneha Rathi,9270369249,2290.45,Card,22
1199,2026-05-06 00:50:29,11,Om Kale,9439910622,2465.17,Cash,24
1200,2026-04-15 09:05:29,117,Kunal Maheshwari,9894319100,2558.88,Card,25
